user_id,location,Country,State,City
4658231920," Argentina',",Argentina,,
28190020," Buenos Aires',",Argentina,,
775321488484290560," India',",India,,
1470964371094339584," Los Angeles',",USA,,
27164880,"(Southern Appalachia)',",USA,,
875111535517028357,"¬ß207, Fraser Field, Lynn MA'}",USA,,
803322878590586881,"#508 & üáßüá∑ian',",Brazil,,
1127871272090779648,"#Nigeria',",Nigeria,,
1481485713749286912,"üá∫üá∏',",USA,,
334920737,"üá∫üá∏',",USA,,
939901806074912770,üìçIslamabad /Chilas /Gilgit,Pakistan,,
12848262,"1 Yonge St., Toronto, Canada',",Canada,,
1031560902334664704,"2523 Avenue M Huntsville, TX',",USA,,
1271223433553207296,"32counties of Ireland',",Ireland,,
43887789,"44 South West st. Mt Vernon Ny',",USA,,
273248888,"7Cities || Gboro || Arkansas',",USA,,
1709794771,"Aberdeen',",UK,,
844878248123117568,Abu Dhabi & Peshawar,UAE,,
229428955,Abuja,Nigeria,,
1118399214,"Abuja, Nigeria',",Nigeria,,
453880154,"Abuja, Nigeria',",Nigeria,,
1117369610,"Abuja, Nigeria',",Nigeria,,
1578431701788893184,"Abuja, Nigeria',",Nigeria,,
1182549516672753664,"Abuja, Nigeria',",Nigeria,,
1873520106,"Abuja, Nigeria'}",Nigeria,,
880551935102857217,Abuja.'},Nigeria,,
3294058415,"Accra, Ghana',",Ghana,,
707265303512784897,"Accra, Ghana',",Ghana,,
3182990685,"Accra, Ghana'}",Ghana,,
112789674,"Africa, Johannesburg',",South Africa,,
2863794265,"Ajmer, India',",India,,
1217401920450711554,Akwa Ibom,Nigeria,,
1096817984,"Alberta, Canada',",Canada,,
1516607068618166275,"Alberta, Canada',",Canada,,
1482909633597505536,"Alberta, Canada',",Canada,,
1355326106623213574,"Albuquerque, NM'}",USA,,
2755098826,"Algarve, Portugal'}",Portugal,,
2978233930,Allemagne'},Germany,,
1589370708446089216,"Amelia island üèùÔ∏èüèùÔ∏è Florida',",USA,,
3408268205,"America',",USA,,
1059466831260344320,"Andhra Pradesh, India'}",India,,
1594279050347945984,"Angleterre, Royaume-Uni',",UK,,
918480689376518144,"Ankara, T√ºrkiye',",Turkey,,
1519208355822141443,"Antioch, CA'}",USA,,
1405113252410015750,"Antwerp, Belgium',",Belgium,,
1114712562,"Appalachian Trail',",USA,,
833420755786412034,"Arad, Rom√¢nia',",Romania,,
1292500579604996096,"Arcanine, Kentucky',",USA,,
4122416554,"Argentina',",Argentina,,
3998419396,"Argentina',",Argentina,,
2426931277,"Argentina',",Argentina,,
3226862156,"Argentine',",Argentina,,
"114665434'}""]","Arizona, USA',",USA,,
1323363032806772736,"Arizona, USA',",USA,,
720365641216098307,"Arizona, USA',",USA,,
1275123549766856704,"Arkansas, USA',",USA,,
336651276,"Athens, GA',",USA,,
16273131,"Athens, GA',",USA,,
1590242461426802688,"Athens, Greece',",Greece,,
954411477145980929,"Atlanta, GA',",USA,,
91650974,"Atlanta, GA',",USA,,
1539592740341747712,"Atlanta, GA',",USA,,
1639727750,"Atlanta, GA'}",USA,,
874538053188059137,"Atlanta, GA'}",USA,,
536804517,"Atlanta, GA'}",USA,,
1019296309,"Atlanta, Georgia',",USA,,
722190814286372864,"Atlanta',",USA,,
455118725,"Atlanta',",USA,,
841728096231395328,"Atlantic Canada',",Canada,,
185187473,"Auckland, New Zealand'}",New Zealand,,
"1233929232432205827'}""]","Austin, TX',",USA,,
739502431189405697,"Austin, TX',",USA,,
"14338338'}""]","Austin, TX',",USA,,
43326457,"Austin, TX',",USA,,
2551330513,"Austin, TX',",USA,,
260930773,"Australia',",Austalia,,
404670731,"Australia',",Austalia,,
1259816940844937217,"Australia',",Austalia,,
22594747,"Australia',",Austalia,,
1015426782,"Ayr, Scotland',",UK,,
864272400,"Azad Kashmir',",Pakistan,,
88462663,"Bailiwick of Jersey',",UK,,
4615395863,"Baltimore, MD',",USA,,
1452758113,"Baltimore, MD',",USA,,
15927181,"Baltimore, MD',",USA,,
30198595,"Baltimore,MD',",USA,,
519146954,"Baltimore',",USA,,
1319289352623513603,"Bangor, Wales',",UK,,
2850879477,"Barcelone, Espagne',",Spain,,
162866127,"Barnsley, England',",UK,,
1585725524458237952,"Bathurst NSW.',",Austalia,,
1112715843639656448,"Bauchi, Nigeria',",Nigeria,,
760477413176250368,"BAY AREA, CA NorCal',",USA,,
"1544386752'}""]","bay area',",USA,,
1444650182767902724,"BC Canada',",Canada,,
485064670,"Bedfordshire, England',",UK,,
820464967,"belgium',",Belgium,,
189554997,"Bengaluru South, India',",India,,
1716610758,"Bengaluru, India',",India,,
1208978765826666498,"Benin-City, Nigeria',",Nigeria,,
322874617,"Berkeley, CA #CA13  #AD15',",USA,,
396773698,"Berlin, Allemagne',",Germany,,
1003736769777553409,"Berlin, Allemagne'}",Germany,,
155617683,"Berlin',",Germany,,
"1548058612639023104'}""]","beyazƒ±t',",Turkey,,
1461204518968823808,"Bhutan',",Bhutan,,
1540686967263961088,"Bihar, India',",India,,
1507411352943734784,"Bihar, India'}",India,,
192732053,"Birmingham, England',",UK,,
3632161,"Bisbee, AZ',",USA,,
1551682577643307009,"Blue Ball, PA',",USA,,
1034262957893595137,"Bogalusa, LA',",USA,,
553458508,"Bolton, England',",UK,,
3238426689,"Borno, Nigeria',",Nigeria,,
85612050,"Boston, MA',",USA,,
9973392,"Boulder, CO',",USA,,
82639651,"Boulogne-Billancourt, France',",France,,
"415801010'}""]","Bournemouth, England',",UK,,
1019253416,"Bracknell, England',",UK,,
1059345084909568000,"Bras√≠lia, Brasil',",Brazil,,
1416853664661127170,"Brentwood, NY',",USA,,
1031499956413067264,"Brighton, England',",UK,,
16316886,"Brighton, UK',",UK,,
1300674916652470273,"Brisbane, Queensland',",Austalia,,
"87259041'}""]","Bristol, UK',",UK,,
467357552,"Bristol, UK',",UK,,
1394032499446140933,"Brno, ƒåesk√° republika'}",Czech Republic,,
1233477560027230212,"Brno, Czech Republic'}",Czech Republic,,
1278053956330180608,"Bronx, NY'}",USA,,
276198138,"Brooklyn, NY',",USA,,
50878547,"Brooklyn, NY',",USA,,
1348635828889804804,"Brooklyn, NY'}",USA,,
1374763877838163970,Brunei'},Brunei,,
1337543383800229892,"Budapest, Hongrie',",Hungary,,
612137401,"Buenos Aires, Argentina',",Argentina,,
1006207993699098624,"Buenos Aires, Argentine'}",Argentina,,
161523735,Buffalo ny,USA,,
1346260764999475203,"Buies Creek, NC',",USA,,
198831061,"Bulawayo, Zimbabwe',",Zimbabwe,,
902967413322469377,"Bulgaria',",Bulgaria,,
540465387,"Burlington. Ontario.',",Canada,,
1249419530444537856,"Burnaby, BC Canada'}",Canada,,
3364185674,"Butte, America",USA,,
696845336082427904,"CA',",USA,,
231206271,"CA',",USA,,
68820341,"Caddebostan, Istanbul',",Turkey,,
16168622,"Calgary, Alberta',",Canada,,
253180602,"calgary',",Canada,,
526101087,"California Republic',",USA,,
42777973,"California, USA',",USA,,
897895526720446465,"California, USA',",USA,,
21992362,"California, USA',",USA,,
1486931010,"California, USA',",USA,,
4009266073,"California, USA',",USA,,
30662589,"California, USA',",USA,,
1037991553011204096,"California, USA',",USA,,
1358690008517865473,"California, USA',",USA,,
216089656,"California, USA',",USA,,
57181974,"California, USA',",USA,,
779464550,"California, USA'}",USA,,
2305332182,"Cambridge, MN',",USA,,
515865307,"Cambridgeshire',",UK,,
1568244916224159744,"C·∫ßn Th∆°, Vi√™tnam',",Vietnam,,
502369381,"CANADA ‚Ä¢ ao3 linked below ‚¨áÔ∏è',",Canada,,
270921976,"CANADA',",Canada,,
764451495555244033,"Canada',",Canada,,
482338494,"Canada',",Canada,,
1160587963,"Canada', üåé"",",Canada,,
1312726427452747777,Canberra,Australia,,
95306199,"Canowindra Australia',",Australia,,
67626292,"Canton, GA via Tuscaloosa, AL',",USA,,
202988475,CAPE TOWN l Engcobo'},South Africa,,
1436303713497387008,"Cape Town, South Africa',",South Africa,,
1150778271505760256,"Cape Town, South Africa',",South Africa,,
166385684,"Caracas',",Venezuela,,
3078313054,"carchi',",Ecuador,,
766540285220298752,"Cardiff, Wales',",UK,,
1582457482718257153,"Carefree, AZ',",USA,,
1321741511420203008,CARLIFONIA'},USA,,
67343155,"Carmel, CA',",USA,,
"1239616965859323904'}""]","carrd byf ‚Ä¢ minor',",UK,,
18957880,"Central Florida USA',",USA,,
30312117,Central Illinois'},USA,,
1433156690581626887,Central Kentucky,USA,,
15971503,"central Kentucky',",USA,,
297969419,Central PA,USA,,
1326337184106950656,"Central, PA',",USA,,
87584526,"Centralia, IL',",USA,,
824488792916578304,"Chandler, AZ',",USA,,
315436946,"Chapel Hill, NC',",USA,,
745732018013614080,"Chardon, OH'}",USA,,
191662582,"Charlotte, NC',",USA,,
64769036,"Charlotte, NC',",USA,,
613463487,"Charlottesville, VA',",USA,,
29194471,"Cheshire, UK',",UK,,
208700525,"Cheshire',",UK,,
985335193,"Chester, England',",UK,,
64413577,"Chester, Pa',",USA,,
474973688,"Chester, UK',",UK,,
79053827,"Chicago 60666',",USA,,
1583595330712621057,"Chicago, IL',",USA,,
1961534329,"Chicago, IL',",USA,,
868304817541742592,"Chicago, IL',",USA,,
2808650785,"Chicago, IL',",USA,,
1355617650345451522,"chicago',",USA,,
15355274,"Chicago',",USA,,
151465988,"Chicago',",USA,,
1583288825589256195,"Chicagoland üá∫üá≤',",USA,,
48900053,"Chico - Redding CA',",USA,,
702324010118463489,"Cincinnati, OH',",USA,,
1088507121262620674,"Clarksville, TN',",USA,,
496121422,"Cleveland, OH',",USA,,
173123888,"Clinton, IL',",USA,,
1005824782829543424,"Clinton, IL',",USA,,
1354475410386341889,CO'},USA,,
897149454817603586,Coalville,UK,,
21233136,"Colorado Springs, Colo.',",USA,,
1411102225326247936,"Colorado, USA',",USA,,
3059105173,"Colorado, USA',",USA,,
47843168,"Colorado, USA',",USA,,
60049728,"Colorful Colorado',",USA,,
1252926691,"Columbia, Missouri, USA',",USA,,
23117492,"Columbus, USA',",USA,,
1586225935350566917,Commie CA'},USA,,
1029940670855827456,"Connecticut, USA',",USA,,
1408421143011381257,"Connecticut, USA',",USA,,
1446289678471155712,"Cork, Ireland',",Ireland,,
888057374795321346,Cornwall UK,UK,,
1565156919010119683,"Corsicana, TX',",USA,,
269525401,"Costa Rica',",Costa Rica,,
221114461,"Courtice, Ontario, Canada',",Canada,,
1572309293730304000,Coventry'},UK,,
885351485785202688,"Crowley Tx',",USA,,
708857250404765698,"Crystal Lake, IL',",USA,,
773593286917365760,"Cusco, Peru',",Peru,,
731416927,"Cymru - Wales',",UK,,
1483598467670888456,"Dallas, TX',",USA,,
14342200,"Darlington',",USA,,
1131422382047014912,"Daytona Beach, FL'}",USA,,
26514883,"Delaware County PA',",USA,,
834928611744440321,"Delaware, USA',",USA,,
1028444777627484166,"Delaware, USA',",USA,,
841657421919617024,"Delaware, USA',",USA,,
897875708869050368,"Denver, CO',",USA,,
2271066648,"Denver, CO'}",USA,,
"23518071'}""]","Denver, Colorado',",USA,,
2148064812,"Denver, Colorado'}",USA,,
1080202560022171651,"Desterro, SC',",USA,,
1214628008,"Detroit',",USA,,
351555541,Dhaka'},Bangladesh,,
177236485,"Doublebois, Liskeard, England',",UK,,
2993788962,"Dubai, United Arab Emirates',",UAE,,
722741909115035648,Dublin,Ireland,,
409488227,"Dublin City, Ireland',",Ireland,,
1238886328852533249,"Dublin City, Ireland',",Ireland,,
58874851,"dublin',",Ireland,,
132275425,"Dublin',",Ireland,,
1100463874678116352,"Dundee, Scotland',",UK,,
738714132195639296,"Durham, NC',",USA,,
227931282,"Durham, NC',",USA,,
146743963,"D√ºsseldorf, Deutschland',",Germany,,
940705970451288067,"Ealing, London',",UK,,
"940705970451288067'}""]","Ealing, London',",UK,,
1107086654421061632,"East coast',",USA,,
1498315853481267204,"East Coast',",USA,,
27620289,"East Haddam, CT',",USA,,
1484554556910493696,"East Riding Of Yorkshire',",UK,,
1524485520604213255,"East Yorkshire',",UK,,
1074283326020771840,Eating Haggis,UK,,
1543670516069924871,"Ekpoma, Nigeria',",Nigeria,,
383895257,"El Paso, TX',",USA,,
1543697343580610562,El Salvador'},El Salvador,,
1484089031625482240,"Eldoret, Kenya',",Kenya,,
2367069331,"Eldoret, Kenya',",Kenya,,
1263454389852704768,"Elizabeth City, NC',",USA,,
817013658962325504,"England, UK',",UK,,
1082340050862571522,"England, United Kingdom',",UK,,
2320907478,"England, United Kingdom',",UK,,
2984280598,"England, United Kingdom',",UK,,
3853775741,"England, United Kingdom',",UK,,
2724551533,"England, United Kingdom',",UK,,
1134907050,"England, United Kingdom',",UK,,
1475644289367650304,"England, United Kingdom',",UK,,
744868241793781760,"England, United Kingdom',",UK,,
"317852426'}""]","England',",UK,,
19987249,"England',",UK,,
183551697,Enjeni aka South Africa,South Africa,,
1470868585618759684,Essex,UK,,
796604419,"Essex. U.K',",UK,,
1400601025,"essex',",UK,,
1966184708,"Esterhazy, Saskatchewan',",Canada,,
1583748283683463170,"Etats-Unis',",USA,,
1514751653089624065,Etats-Unis'},USA,,
1135683696370040832,Etats-Unis'},USA,,
799435974921089024,Etats-Unis'},USA,,
200092299,"Fairmont, WV'}",USA,,
3094491626,"Falls Church, VA 22041'}",USA,,
4592569959,"Fascist Florida',",USA,,
286045555,"Federal Capital Territory, Nig',",Nigeria,,
284662974,"Federal Capital Territory, Nig',",Nigeria,,
"1356601718579077123'}""]","Federal Capital Territory, Nig',",Nigeria,,
96117406,"Federal Capital Territory, Nig'}",Nigeria,,
1019287244,"Federal Capital Territory',",Nigeria,,
222289436,Fife / Edinburgh'},UK,,
395581734,"Finger Lakes, NY",USA,,
1564691477862785024,"Fishers, IN',",USA,,
1490848657,"FL(561‚úàÔ∏è MN(612‚úàÔ∏è SD(605',",USA,,
1219032025769881605,"Florida, USA',",USA,,
724018040069705729,"Florida, USA',",USA,,
24190155,"Florida, USA',",USA,,
419983075,"Florida, USA',",USA,,
1013570805840666624,"Florida, USA',",USA,,
1430555600098926592,"Florida, USA',",USA,,
504725987,"Florida, USA',",USA,,
714417446715654144,"Florida, USA',",USA,,
1535645434072510466,"Florida, USA',",USA,,
1485790057420271617,"florida',",USA,,
1586084792986210305,"Fly Over Country',",USA,,
1161142582690213888,Flyover Country,USA,,
829524913107066880,"Foothills of the Sierra Nevada',",USA,,
58541926,"Fort Collins, CO',",USA,,
917843257987665920,"Fort Lauderdale, FL',",USA,,
304948011,"Fox Point, WI'}",USA,,
1266120752253804544,France'},France,,
887707490,"Franklin, NJ',",USA,,
21795443,"Fred Vegas, VA',",USA,,
1587872391212015617,"Frederick, MD',",USA,,
251056368,"Fresno, CA',",USA,,
1371286722047209472,"Fullerton, CA'}",USA,,
1571708607879684097,"GA',",USA,,
245203793,GA'},USA,,
2196775588,"Gahanna, Oh',",USA,,
"33622656'}""]","Gateshead, England',",UK,,
1412776024962654208,"Geiranger  üá≥üá¥ No to the EU',",Norway,,
1033148036120305665,"Georgia, USA',",USA,,
"185377172'}""]","Georgia, USA',",USA,,
988846608614920192,"Georgia',",USA,,
1247553100598173697,"Georgia',",USA,,
455118561,"Georgia',",USA,,
45106947,"Germany',",Germany,,
1550548664208470016,Germany'},Germany,,
826105154139254784,Germany'},Germany,,
"1000818739984650243'}""]","Glasgow, Scotland',",UK,,
171258215,"Glasgow, Scotland',",UK,,
18651120,G√∂teborg'},Sweden,,
780569790515585025,"Grand Blanc, MI',",USA,,
"1542844749131829249'}""]","Grand Lake, CO',",USA,,
883861315,"Grand Rapids, MI',",USA,,
956188420455436289,"Grantham, England',",UK,,
73656500,"Greece',",Greece,,
1430190893479469058,"greece',",Greece,,
1586195391652933633,"Greeley, CO',",USA,,
1305705838158532608,"Green Hill Zone, CA',",USA,,
1250259428701548544,"Greenbelt, MD',",USA,,
"342515741'}""]","Greensboro, NC',",USA,,
1282320630797471745,"Greenwich, London',",UK,,
1488256602444546061,"Grenoble',",France,,
"2547762242'}""]","Grittleton',",UK,,
339308159,Hallowell ME,USA,,
1007618375516815360,"Hamburg-Germany',",Germany,,
1211400095649808384,"Hamilton, Ontario",Canada,,
22999012,"Hamilton, Ontario, Canada',",Canada,,
1371652329469001728,"Hamilton, Ontario',",Canada,,
1430677036536827912,"Hamilton, Ontario',",Canada,,
937230148201574400,"Hampton, VA',",USA,,
279310913,"Hanford, CA',",USA,,
1331032772429946885,"Hangzhou | Zhejiang | PRC üá®üá≥',",China,,
492022692,"Harrisburg,  Pennsylvania'}",USA,,
1575290366709964801,"Havana',",Cuba,,
1353085512576245761,"Hawa√Ø, USA',",USA,,
"448285977'}""]","Haymarket, Virginia',",USA,,
845484648,"Henderson, NV',",USA,,
4008948664,"Henley-in-Arden, England'}",UK,,
1143553243307548672,"Hertfordshire',",UK,,
1582832931835637760,"Hertogenbosch, Netherland",The Netherlands,,
1570669579214671873,"Hilo, HI',",USA,,
2929465251,"Hong Kong',",China,,
34782531,"Honolulu, Hawaii',",USA,,
910659767428726784,"Houston, TX',",USA,,
1081765278,"Houston, TX',",USA,,
917523055601168384,"Houston, TX',",USA,,
1545255271663996928,"Houston, TX'}",USA,,
20597234,"Houston',",USA,,
18634644,"Hunters Creek, FL',",USA,,
709120568881192961,"Hyderabad, India',",India,,
134340234,"Hyderabad, Pakistan',",Pakistan,,
15018425,"Hyderabad, Telangana, India',",India,,
2149223948,"Ibadan, Nigeria',",Nigeria,,
1590160007382827008,"Independence, MO',",USA,,
1596961992211927043,"India',",India,,
834474696460558336,"India',",India,,
355989081,"India',",India,,
1011690982344032256,"India',",India,,
104583131,India'},India,,
"1119179123576827904'}""]","IndiaüáÆüá≥',",India,,
1419421881896214535,"Indiana, PA'}",USA,,
3642171447,"Indiana, USA',",USA,,
119613547,"Indianapolis, IN',",USA,,
1078176518780596224,"Indianapolis, IN',",USA,,
"1315267191114088448'}""]","Indon√©sie',",Indonesia,,
744368337732272128,"Ingleside, San Francisco',",USA,,
1586054799954518017,"iran',",Iran,,
947956197310603264,"Isla Vista, CA',",USA,,
1591971871448334336,"Islamabad, Pakistan',",Pakistan,,
303495844,"Islamabad',",Pakistan,,
943115069558329345,"Islamic Republic of Iran',",Iran,,
1596962089955954691,"Isle of Man',",UK,,
894253900492136453,"Istanbul, Turkey',",Turkey,,
2502519117,"Istanbul, T√ºrkiye',",Turkey,,
1157909196777676800,"ƒ∞stanbul, T√ºrkiye',",Turkey,,
887252817198624768,"ƒ∞stanbul, T√ºrkiye',",Turkey,,
1077455690522902528,"ƒ∞stanbul, T√ºrkiye',",Turkey,,
1217970494747508736,"Jacksonville fl',",Canada,,
"2357187444'}""]","Jamaica made - Toronto raised',",Canada,,
464068170,"Jamaica',",Jamaica,,
2503035837,"Jamaica',",Jamaica,,
739143990499364864,"JamaicaüáØüá≤',",Jamaica,,
1582679591449030658,"Japan',",Japan,,
2320034306,"Jersey City, New YERRsey',",USA,,
300021496,"JerseyShore',",USA,,
313938146,"Jerusalem',",Israel,,
754409255374127104,"Jimeta Nigeria',",Nigeria,,
1463715376517332992,"Johannesburg, South Africa',",South Africa,,
371075039,"Jos, Nigeria',",Nigeria,,
136332919,"Jos, Nigeria',",Nigeria,,
"1483400361318793218'}""]","Jos',",Nigeria,,
1287057413753929734,Juja'},Kenya,,
1278930481606770688,"Kaduna, Nigeria',",Nigeria,,
2808105549,"Kalamata, Greece'}",Greece,,
1189837278505578496,Kampala uganda,Uganda,,
1165719800980615173,"Kampala, Uganda',",Uganda,,
1481358156156608512,"Kano, Nigeria'}",Nigeria,,
458216319,"kano',",Nigeria,,
55222766,"Kansas City,  Missouri, USA',",USA,,
151500509,"Kansas City',",USA,,
1405577837285871629,"Kansas, USA',",USA,,
1586017487077998592,"Kansas, USA',",USA,,
48033200,"Kappeln Germany',",Germany,,
1200942270704427011,"Karachi, Pakistan',",Pakistan,,
1451669321218990080,"Karachi, Pakistan',",Pakistan,,
1293956527309697026,"Karachi, Pakistan',",Pakistan,,
1384857673523412995,"Karachi, Pakistan',",Pakistan,,
4866330561,"Karachi, Pakistan'}",Pakistan,,
1462795398,"Karachi, Pakistan'}",Pakistan,,
885093337,"Karachi, Pakistan'}",Pakistan,,
1162625238,Karachi'},Pakistan,,
993454242,"Karchi sindh',",Pakistan,,
1351483930667601922,"Kasoa, Ghana',",Ghana,,
15035209,"Kaukauna, WI',",USA,,
609289528,"Kelowna, British Columbia',",Canada,,
1276635852463058945,"Kempton Park, South Africa'}",South Africa,,
937756066221379585,"Kensington, London',",UK,,
2605958124,"Kensington, London',",UK,,
1545024715630288896,Kent Coast,UK,,
1461412110433406986,"Kentucky, USA',",USA,,
1407482015650361344,Kentucky'},USA,,
277997449,"kenya',",Kenya,,
287594979,"Kenya',",Kenya,,
814770191930458112,"Kenya',",Kenya,,
2603541862,"Kerry, Ireland'}",Ireland,,
1329127115317456897,"Kew Gardens Hills, Queens'}",USA,,
3170426002,"Kimberley, South Africa',",South Africa,,
1370702028125650945,"Kircubbin, Newtownards',",Ireland,,
797171522402140161,"Kirkville,  N.Y.',",USA,,
1442783542212059142,"Kiwi',",New Zealand,,
753238093579165700,"Klamath Falls, OR'}",USA,,
2710379976,"Knoxville, Tennessee USA',",USA,,
1578196533971148801,"Kolkata, India',",India,,
3151598514,"Kolkata, India',",India,,
1419239941704359940,"Kolkata,India',",India,,
265079836,"KTH, Sweden",Sweden,,
1246109849345294336,"Kumasi, Ghana',",Ghana,,
1307407841242877952,"kuwait',",Kuwait,,
18840896,"LA via NYC',",USA,,
759994712384217088,"lagos Nigeria',",Nigeria,,
2224934922,Lagos nigeria'},Nigeria,,
"3748292295'}""]","lagos-nigeria',",Nigeria,,
"1538284490304409600'}""]","Lagos, Nigeria.',",Nigeria,,
439927467,"Lagos, Nigeria',",Nigeria,,
765315176,"Lagos, Nigeria',",Nigeria,,
1481776266751758336,"Lagos, Nigeria',",Nigeria,,
1228667284664848391,"Lagos, Nigeria',",Nigeria,,
2786326915,"Lagos, Nigeria',",Nigeria,,
68655235,"Lagos, Nigeria',",Nigeria,,
1440601338224594946,"Lagos, Nigeria',",Nigeria,,
1226936266731728903,"Lagos, Nigeria',",Nigeria,,
1577898933870886914,"Lagos, Nigeria',",Nigeria,,
1230923775786573824,"Lagos, Nigeria',",Nigeria,,
1363916805794856964,"Lagos, Nigeria',",Nigeria,,
1570833157892571137,"Lagos, Nigeria'}",Nigeria,,
1168915182581686278,"Lagos, Nigeria'}",Nigeria,,
294514865,"Lagos',",Nigeria,,
826224919,"Lagos',",Nigeria,,
1596230824222932994,Lagos'},Nigeria,,
1259809114873647104,"Lahore, Pakistan',",Pakistan,,
1000595859178835968,"Lake Tapps, WA',",USA,,
1593789146367131649,"Lakeland, FL',",USA,,
1426712461,"Lamar Jacksonville',",USA,,
15445237,"Lancashire',",UK,,
336635626,Lancashire'},UK,,
5864232,"Lancaster, PA',",USA,,
614817844,"Lancaster, PA',",USA,,
1413221208603168773,"Land of Mary',",USA,,
1131960602560274433,"Larkana, Pakistan',",Pakistan,,
825795703351894017,"Las Vegas, NV',",USA,,
2565644791,"Las Vegas, NV',",USA,,
1484708410574589954,"Las Vegas, NV'}",USA,,
1228764977932177409,"Las Vegas, NV'}",USA,,
377776924,"Lasgidi',",Nigeria,,
1113693029347540992,"Latvia',",Latvia,,
1563182892955578370,"Lebanon, MO',",USA,,
113380026,"Lehigh Valley, PA',",USA,,
4327577173,"Lethbridge, Alberta',",Canada,,
1400593278509146115,"Lima, Peru',",Peru,,
2771164420,"Lincoln, Nebraska',",USA,,
"3339909250'}""]","Liverpool, England',",UK,,
44583239,"Liverpool',",UK,,
31396223,"London , and Surrey'}",Canada,,
1270648260277960704,"London / Surrey',",Canada,,
29447428,London-Wales-Roaming'},UK,,
"1087563633284894720'}""]","London, England',",UK,,
936638847991115781,"London, England',",UK,,
808557457,"London, England',",UK,,
1587467928886190081,"London, England',",UK,,
"1587467928886190081'}""]","London, England',",UK,,
1140763441138978821,"London, England',",UK,,
2823365823,"London, England',",UK,,
183862495,"London, Ontario, Canada',",Canada,,
2218432902,"London, UK'}",UK,,
401443455,"London',",UK,,
1628206670,"London',",UK,,
70658199,"London',",UK,,
549533741,"London',",UK,,
1165572223,"london',",UK,,
21285205,"London',",UK,,
1131317989,"London',",UK,,
1936853149,"london',",UK,,
1386120198802092032,"Lorain, OH',",USA,,
164593620,"Los Angeles, CA ‚òÄÔ∏èüå¥',",USA,,
"750380394256539649'}""]","Los Angeles, CA',",USA,,
1312401872,"Los Angeles, CA',",USA,,
1065856542191173632,"Los Angeles, CA',",USA,,
748341276043579394,"Los Angeles, CA',",USA,,
1076562283407593473,"Los Angeles, CA',",USA,,
1037154687454142464,"Los Angeles, CA',",USA,,
1546424308121145344,"Los Angeles, CA'}",USA,,
20333606,"Los Angeles',",USA,,
22560367,Los Angeles'},USA,,
1393462575539519490,"Louisville, KY',",USA,,
294371597,"Louisville, KY',",USA,,
268739173,"Lubbeek',",Belgium,,
1213496811454779392,Ludwigsburg,Germany,,
979399941469728768,"Lutherville, MD',",USA,,
2786134888,"Luxembourg',",Luxembourg,,
296367776,"Madison, Wi',",USA,,
2672717805,"Madrid, Comunidad de Madrid',",Spain,,
1027636374692917254,"Madrid, Espagne',",Spain,,
506065984,Madrid'},Spain,,
821650201,Madrid'},Spain,,
1496118616705671172,"Maidenhead, South East, UK',",UK,,
"1252904829191675905'}""]","MAKERERE,UGANDA',",Uganda,,
1247809673069121541,"Malacca, Malaisie',",Malaysia,,
1596961726100115456,"Maldives',",Maldives,,
104490861,"Manchester, England',",UK,,
1018242338278256640,"Manchester, England',",UK,,
1326862794,"Manchester, England',",UK,,
1101485903518859264,"Mandi Bahauddin, Pakistan',",Pakistan,,
459578223,"Manhattan, NY',",USA,,
1313516442155913217,"Manhattan, NY',",USA,,
857023663,"Marseille',",France,,
"49708595'}""]","martinsville',",USA,,
333804597,Maryland,USA,,
1512914695484854273,"Maryland, USA',",USA,,
715645409759207424,"Maryland, USA',",USA,,
3288349349,"Massachusetts, USA',",USA,,
1283613212647329792,"Massachusetts, USA'}",USA,,
3378739617,"Massachusetts',",USA,,
1376528816408039427,"Maybe Pakistan?',",Pakistan,,
10451462,"Melbourne / Naarm',",Austalia,,
1191855827667128320,"Melbourne, Victoria, Australia',",Austalia,,
"1103569408893415425'}""]","Melbourne, Victoria',",Austalia,,
762479876431425540,"Mesa, AZ',",USA,,
3275065968,"Mesa, AZ',",USA,,
16871799,"Metro Atlanta',",USA,,
518860835,M√©xico,Mexico,,
9.59827E+17,"Mexico',",Mexico,,
61658565,"mi',",USA,,
208375283,"Miami Beach, FL',",USA,,
"120769030'}""]","Miami, FL',",USA,,
596016620,"Miami, FL',",USA,,
182929371,"Miami, Florida',",USA,,
62691445,"Miami,FL',",USA,,
18361825,"MIAMI',",USA,,
948972248437870593,Michigan,USA,,
2833087014,"Michigan, USA',",USA,,
1283174348141088768,"Michigan',",USA,,
1091462350971064322,Michigan'},USA,,
1447327965566717959,"Middleburg Heights, OH',",USA,,
15038486,"Midland, MI',",USA,,
3092855416,"Midrand, South Africa',",South Africa,,
1104758124,"Milton, Fl.',",USA,,
1177291960874405889,"Milwaukee, WI',",USA,,
1398768914,"Milwaukee, WI',",USA,,
1047487504104996866,"Milwaukee, WI',",USA,,
1087473213192450049,"Minneapolis, MN',",USA,,
4282369753,Minnesota & Texas'},USA,,
1245069918,"Minnesota, USA',",USA,,
907139600,"Minnesota, USA',",USA,,
191044973,"Minnesota',",USA,,
1587518239072043008,"Mississippi',",USA,,
1942775803,"Missoula, MT',",USA,,
855464453059612674,"Missouri, USA',",USA,,
1593342974196342787,"Mombasa, Kenya',",Kenya,,
108033897,"Monroe County, Indiana',",USA,,
800457783220924416,"Montana & Pennsylvania',",USA,,
1431511671181303809,"Montana, USA',",USA,,
876051486467293189,"Montr√©al, Qu√©bec',",Canada,,
560459880,"Montr√©al, Qu√©bec',",Canada,,
245838339,"Montreal, Quebec'}",Canada,,
36067096,"Montreal',",Canada,,
"1689236964'}""]","Monty Python Land!',",UK,,
1205894557,"Morristown, NJ',",USA,,
1185245214635675649,"Moscow, Russia',",Russia,,
879711683962437636,"Mpumalanga,Nelspruit",South Africa,,
768664173744103424,"Multan, Pakistan',",Pakistan,,
4074998777,"Multan, Pakistan',",Pakistan,,
701432497,"Mumbai, India',",India,,
1529492301776830464,"Mumbai, India',",India,,
1391765435671064576,"Mumbai, India'}",India,,
1586054974085206020,"Muskogee, Oklahoma",USA,,
1541431159258750977,"N364 Section 7, Madadeni, 2951',",South Africa,,
1416328357,"Nagoya City',",Japan,,
1501231696854794254,"Nairn, Scotland',",UK,,
938929297,"Nairobi, Kenya',",Kenya,,
342617934,"Nairobi,Kenya',",Kenya,,
"1405884552803987457'}""]","Nairobi',",Kenya,,
890863857203384320,"Nantes, France',",France,,
1405904535042904068,"Nantes, France',",France,,
1516312445089980420,"Nanyuki, Kenya',",Kenya,,
"2777172341'}""]","Nasarawa, Nigeria',",Nigeria,,
18734321,"Nashville, TN',",USA,,
1301371088195276800,"Nashville, TN',",USA,,
414540699,"Nashville, TN',",USA,,
1467553255043522563,"Nawabshah, Pakistan',",Pakistan,,
838006664,"Near Charlottetown, PE, Canada',",Canada,,
39755514,"Nebraska',",USA,,
1670989826,"New Albany, MS',",USA,,
"1351200728430350343'}""]","New Delhi, India',",India,,
82684359,"New Delhi',",India,,
2889601750,"New England, USA',",USA,,
80578355,"New Hampshire, USA',",USA,,
1254252920364773376,"New Jersey, USA',",USA,,
1176006556346925056,"New orleans üé≠',",USA,,
805306498968670208,"New Orleans, LA',",USA,,
105910684,"New Orleans, LAüõ¨Houston, TX",USA,,
972645219995922433,"New Port Richey, FL',",USA,,
4736018418,"New Prague, MN',",USA,,
35692915,"New Songhees (Esquimalt) BC',",Canada,,
881708118903726080,New South Wales,Austalia,,
364636495,"New South Wales, Australia',",Austalia,,
205368519,"New Westminster BC Canada',",Canada,,
53622291,"New Whiteland, IN',",USA,,
2842118875,New York & Worldwide'},USA,,
52272942,"New York City',",USA,,
186582233,"New York City',",USA,,
50706690,"New York State',",USA,,
114599599,"New York, New York',",USA,,
1060573081935249409,"New York, NY',",USA,,
20681628,"New York, NY',",USA,,
1024604431,"New York, NY',",USA,,
97470066,"New York, NY',",USA,,
1292829245840990211,"New York, NY',",USA,,
1314726791207059457,"New York, NY',",USA,,
20791002,"New York, NY',",USA,,
717031075,"New York, NY'}",USA,,
1516598394449543170,"New York, USA',",USA,,
"1583120985829642246'}""]","New York, USA',",USA,,
1020832553736048640,"New York, USA',",USA,,
1285518231906787328,"New York, USA'}",USA,,
2905863387,"NEW YORK',",USA,,
1526888839687483393,"New Zealand üá≥üáø',",New Zealand,,
36856173,"New Zealand',",New Zealand,,
2201720923,"New Zealand',",New Zealand,,
"2218505628'}""]","Newcastle, New South Wales',",Austalia,,
"1547178544102621185'}""]",Nigeria,Nigeria,,
843530537042087936,Nigeria,Nigeria,,
1591745346727825409,"Nigeria',",Nigeria,,
838675091760287744,"Nigeria',",Nigeria,,
1031623485242699776,"Nigeria',",Nigeria,,
3161045149,"Nigeria',",Nigeria,,
"1207857696'}""]","Nigeria',",Nigeria,,
875294427601928192,"Nigeria',",Nigeria,,
987299875313405954,"Nigeria',",Nigeria,,
872923898492399617,"Nigeria',",Nigeria,,
1281525153940361216,"nigeria',",Nigeria,,
975850201780023297,"Nigeria',",Nigeria,,
897173793545883648,Nigeria'},Nigeria,,
1362548856995667971,Nigeria'},Nigeria,,
1260555995853586432,"Nnewi, Anambra state, Nigeria',",Nigeria,,
1133881834322968576,"Nord, Nord-Pas-de-Calais',",France,,
107360105,"Norge',",Norway,,
2422451808,"Norman, OK',",USA,,
97375251,"North Bay, On Canada',",Canada,,
865672527569354753,"North Carolina, USA',",USA,,
790141513,"North Carolina, USA',",USA,,
904180764920741888,"North Carolina, USA',",USA,,
909189696814813184,"North Carolina',",USA,,
1580545366373580802,"North East, England',",UK,,
1218180579373481984,"North West, England',",UK,,
1139296858801680386,"North Yorkshire',",UK,,
1559571085041238016,"North-East Region, Singapore'}",Signapore,,
1909477267,"Northeast Ohio, USA',",USA,,
70289960,"Northern burb of Minneapolis',",USA,,
2364766740,Northern California,USA,,
"20075759'}""]","Northern California',",USA,,
1030067352682070017,"Northern Ireland',",Ireland,,
348312090,"Northern,Ca.',",USA,,
1577078589564096517,"Norv√®ge',",Norway,,
2234901265,nothingtoloseCt.,USA,,
1449796374363574277,"nowhere, oklahoma',",USA,,
1180313568358461443,"NSW Australia',",Austalia,,
1160686704942039042,"NY, USA',",USA,,
18367959,"NY',",USA,,
443972506,"NY',",USA,,
771198799670751232,"NY',",USA,,
31062679,NY'},USA,,
30590930,"NYC',",USA,,
1583116574948466688,"NYC',",USA,,
1109946008673251328,"Oakland, CA',",USA,,
1120417620325482498,"Oberhausen',",Germany,,
890290830082277379,"Ohio, üá∫üá∏ üá∫üá¶',",USA,,
"1016357270807089152'}""]","Ohio, USA',",USA,,
1143193731660681216,"Ohio, USA',",USA,,
1113904650107932673,"Ohio, USA',",USA,,
1276520088858955777,"Ohio, USA',",USA,,
"106883083'}""]",Oklahoma,USA,,
1549559422900490241,"Oklahoma City, OK',",USA,,
1516103939300732936,"Oklahoma, aka hell',",USA,,
1436825916722880516,"Oklahoma, USA',",USA,,
1574061542148132872,"Oklahoma',",USA,,
78939096,"Omaha, NE'}",USA,,
1401660389662859271,"On the sofa. In Wales.',",UK,,
122810303,"On The Trail in Arkansas',",USA,,
1067418291638083584,"Ontario, CA',",Canada,,
1419073723840311302,"Ontario, Canada',",Canada,,
1282033603891941377,"Ontario, Canada',",Canada,,
107549814,"Ontario, Canada'}",Canada,,
1314660206597595140,"Ontario',",Canada,,
977993981354225664,"Ontario',",Canada,,
"1528776610018512896'}""]","Oregon, USA',",USA,,
17449331,"Oregon',",USA,,
900758321216585729,"Orlando, FL',",USA,,
1431987990704889858,"Orlando, FL',",USA,,
47017587,"oshkosh Wisconsin',",USA,,
1579568959573135377,"√ñsterreich',",Austria,,
1102896475481300992,"Oswestry, England',",UK,,
337355234,"Ottawa, Ontario',",Canada,,
845701356,"Ottawa, Ontario',",Canada,,
2322615734,"Ottawa, Ontario'}",Canada,,
738130621071925248,"Outer Space, Dunedin, NZ',",New Zealand,,
1444866509902426112,"Overland Park, KS',",USA,,
506230666,"Oxford, MS',",USA,,
850087650857844736,"Pacific Northwest',",USA,,
75730979,"Pacific Northwest',",USA,,
1437103205909995527,Pakistan,Pakistan,,
100167614,"Pakistan',",Pakistan,,
871072594593800192,Pakistan'},Pakistan,,
950214957190209537,"Palo Alto, CA'}",USA,,
934860376046473216,"Panam√°',",Panama,,
1496493167390113794,"Paris, France',",France,,
1370857166677151745,"Paris, France',",France,,
1505901446,"Paris, France'}",France,,
1566413088731140097,"Paris, France'}",France,,
1338510628147912709,"Park Forest, IL',",USA,,
1587481739416453121,Partyin in the usa,USA,,
2632441534,"Pennsylvania, USA',",USA,,
1093983194955870210,"Pennsylvania, USA',",USA,,
108975367,"Pennsylvania',",USA,,
604586168,Pennsylvania'},USA,,
1139717077864988672,"Penobscot, ME',",USA,,
826142894805381120,"Pensacola, FL'}",USA,,
589289053,"Peshawar, Pakistan'}",Pakistan,,
260571026,"Philadelphia, PA',",USA,,
2789879229,"Philadelphia, PA',",USA,,
285246000,"Philadelphia, PA',",USA,,
13891402,"Philadelphia, PA',",USA,,
1176908709030760449,"Philadelphia, PA',",USA,,
2260675556,"Philadelphia',",USA,,
1405763703711027202,"Philippines',",Philippines,,
2852387624,"Pietermaritzburg, Zuid Afrika',",South Africa,,
1244259953336033280,"Pilsen, R√©publique Tch√®que',",Czech Republic,,
1306214251263127552,"Pink City Jaipur',",India,,
363470669,"Pittsburgh, PA'}",USA,,
300454955,"Plymouth, England'}",UK,,
1414284724961435652,Polska'},Poland,,
424753040,"port land he/him',",USA,,
1267461047293751303,"Port St Lucie, FL/ Manhattan',",USA,,
1590140964420849666,"Portland, OR',",USA,,
3044186809,"Portland, OR',",USA,,
55093719,"Portland, OR'}",USA,,
1409230360945127424,"Portland, OR'}",USA,,
1583471941406498817,"PortofReykjavik',",Iceland,,
1549176259229499395,"Portsmouth, England',",UK,,
36128870,"Portsmouth, England'}",UK,,
1000013469368946691,"Portugal, gondomar",Portugal,,
103383073,"Portugal',",Portugal,,
137816509,"Potteries, England',",UK,,
1494118610515681283,"Preston, Maryland, USA",USA,,
1512093721818509314,"Princeton, NJ',",USA,,
16521206,"Providence, Rhode Island',",USA,,
1307937517711228929,"Puget Sound, USA',",USA,,
"1310985385875566597'}""]","Qu√©bec City',",Canada,,
2343862278,"Queens, NY'}",USA,,
1472071062443761666,Queretaro,Mexico,,
1443478031989977089,"Quetta',",Pakistan,,
164429747,Quilpu√©,Chile,,
1505785639710576648,"Rainbow, CA',",USA,,
992071788237590530,"Raleigh, NC',",USA,,
211608076,"Ramsbottom, United Kingdom',",UK,,
1345801876692819968,"Rancho Cordova, CA',",USA,,
1133633795687632896,"Ratanda, South Africa',",South Africa,,
44103022,"Redcar, England',",UK,,
851924602775375873,"Reidsville, NC',",USA,,
1381212938371928072,"Republic of Korea',",South Korea,,
1470518100,Republic of New York,USA,,
1452359254749421569,Republic of Slovenia'},Slovenia,,
14178062,Republic of Texas'},USA,,
1411271485675782148,"Rhode Island, USA',",USA,,
488282592,"Rim Country Arizona USA',",USA,,
"847869575677050881'}""]","Rio de Janeiro, Brasil',",Brazil,,
3434359527,"Roanoke, VA',",USA,,
2560732672,"Rochester, NY',",USA,,
121823371,"Rocky Mountain High...Colorado',",USA,,
234750797,"Roermond',",The Netherlands,,
158802626,"Roggen, Colorado',",USA,,
1499151969700790276,"Rosario, Argentina'}",Argentina,,
967337414904688642,Ruhrpott'},Germany,,
635271421,"Rutland UK',",UK,,
4013970386,"Sacramento, Ca',",USA,,
1469632044863045632,"Sahiwal, Pakistan',",Pakistan,,
612397643,"Salem, OR',",USA,,
150466730,"Salisbury, MD',",USA,,
67467684,"Salt Lake City, UT',",USA,,
1138885168150790153,"Salt Lake City, UT',",USA,,
1116524902725582853,"Salvador, Ba',",Brazil,,
1397605417824309249,"Sambhal, India',",India,,
26635386,"San Anselmo, CA',",USA,,
25964286,"San Antonio, TX',",USA,,
18247597,"San Diego, CA',",USA,,
2214547088,"San Diego, Ca',",USA,,
18178388,"San Diego, CA',",USA,,
1306643166,"San Diego, California',",USA,,
1402652236178624513,"San Francisco, CA',",USA,,
1113000662,"San Francisco, CA',",USA,,
836066127419604992,"San Francisco, CA',",USA,,
900407226011049984,"San Francisco, CA',",USA,,
801971390395973632,"San Francisco, CA',",USA,,
977619834,"San Francisco',",USA,,
149283816,"San Francisco',",USA,,
963289830,"San Jose, CA',",USA,,
1005811489733857285,"san juan, puerto rico',",USA,,
45596436,"Santa Barbara, CA',",USA,,
1296644845000302592,"Santa Clara, CA',",USA,,
1567651993262620673,"Santa Clarita, CA',",USA,,
1127374814,"Santiago de Surco, Peru',",Peru,,
1522236198013616131,"S√£o Paulo, Brasil'}",Brazil,,
780575661081505792,"S√£o Paulo, Terra da Bolacha',",Brazil,,
627524667,"Saskatchewan, Canada',",Canada,,
2241393780,"Scotland, United Kingdom',",UK,,
337971443,"Scotland, United Kingdom',",UK,,
99479393,"Scotland, United Kingdom',",UK,,
1235999811188535296,"Scotland,but born in England'}",UK,,
1161241483388866560,"Scotland',",UK,,
"778266046125965313'}""]","Scottish Borders',",UK,,
"771368542281142273'}""]","Scottsdale AZ',",USA,,
6424562,"Scottsdale, AZ',",USA,,
28100249,"Seacoast Area NH, USA',",USA,,
2985030608,"Seattle, WA',",USA,,
2546596742,"Seattle, WA',",USA,,
1613712481,"Seattle, WA',",USA,,
18445181,"Seattle, WA',",USA,,
1616413154,"Seattle, WA'}",USA,,
44837849,"Seattle, WA'}",USA,,
2902144136,Sedona area.'},USA,,
1467572088496013314,"Sedona,AZ'}",USA,,
1105954613855948808,"Sel√ßuklu, T√ºrkiye',",Turkey,,
1556891779416432641,"seoul,Korea",South Korea,,
46935565,"Sequatchie',",USA,,
251815423,"Sevilla, Andaluc√≠a libre',",Spain,,
154188269,"Sevilla',",Spain,,
"1524750786638409731'}""]","Shanghai',",China,,
3537694516,She/her | Netherlands,The Netherlands,,
953898624605474817,"She/her 23 y/o üá≤üáΩüè≥Ô∏è\u200düåà',",Mexico,,
38492601,"Shefford, England',",UK,,
2942589788,"Shivaji Nagar, Pune'}",India,,
1584492977694691333,"Sindh, Pakistan',",Pakistan,,
1595168652147494929,"Sindh, Pakistan',",Pakistan,,
3088724457,"Slovakia',",Sovakia,,
1042240161617256448,"Small town, Alberta',",Canada,,
771571580417695744,"SoCal',",USA,,
"1542160402666164226'}""]","SoHo, Manhattan',",USA,,
1110162017917243392,"some shithole named sheffield',",UK,,
1673844451,"Somerset, England',",UK,,
414898511,"Somewhere between, Oh. & Chi.!'}",USA,,
1552715085059178497,"Somewhere MD',",USA,,
2534398695,"SOUTH AFRICA (MY DOMAIN)',",South Africa,,
36073634,"South Africa',",South Africa,,
47050295,"South Denmark, Denmark',",Denmark,,
597705626,"South Dublin, Ireland',",Ireland,,
635653676,"South East England',",UK,,
2462802087,"South East, England',",UK,,
30365182,"South Jersey üõ´ Miami, FL",USA,,
1184432823584858113,"South Korea',",South Korea,,
1115908324552335361,"South midlands',",UK,,
551153971,"South West England',",UK,,
735892470,"Southaven, Ms',",USA,,
23922042,"Southern California',",USA,,
1573907765587808258,"Southgate, MI',",USA,,
1586554752325877761,"Southlake, TX'}",USA,,
12371172,"Southwest Florida',",USA,,
224073436,Spain'},Spain,,
809909413,"Spokane, WA'}",USA,,
1020078110660878337,"Spotsylvania Courthouse, VA',",USA,,
714485038591696896,"Spring Shadows, Houston',",USA,,
1041598632,"Springs, South Africa',",South Africa,,
1216158144029585411,"St George, Utah',",USA,,
2369715174,"St Petersburg, FL',",USA,,
22960629,"State of Indiana',",USA,,
1167932707881541632,"Staten Island, NY',",USA,,
"1028600358459899904'}""]","Stirling',",Canada,,
36411664,"Strathcona County, Alberta',",Canada,,
"37489774'}""]","Studland, England',",UK,,
304823007,Sunny Southern California'},USA,,
835149095593361408,"Surat,Gujarat',",India,,
50784667,"Surrey',",Canada,,
50626629,Sverige,Sweden,,
1203360196443148288,"SW Pennsylvania',",USA,,
379977569,Sweden Stockholm,Sweden,,
711162535,"Sweden',",Sweden,,
1571949318000574464,Sweden'},Sweden,,
2211464678,"Switzerland',",Switzerland,,
1506017038300557317,"Switzerland',",Switzerland,,
1497825889329229824,"Sydney, New South Wales',",Austalia,,
893437019472379909,"Sydney',",Australia,,
"107169642'}""]","Tallahassee, FL',",USA,,
1178686607626575873,"Tallahassee, FL',",USA,,
1481051503632822272,"Tampa Bay',",USA,,
1402944160991154185,"Tampa Bay',",USA,,
846832581790371840,"Tampa, FL',",USA,,
1521942318068215809,"Teaneck NJ',",USA,,
1387514747738857472,"tehran_iran',",Iran,,
945380469188759552,"Tema, Ghana',",Ghana,,
14918577,"Tewkesbury, England, UK',",UK,,
905530344,"Texas, USA',",USA,,
4181080761,"Texas, USA',",USA,,
"282312233'}""]","Texas, USA',",USA,,
3858390852,"Texas, USA',",USA,,
1024508293,"Texas, USA',",USA,,
1352248772504543234,"Texas, USA',",USA,,
4778411172,"Texas, USA',",USA,,
3272146002,"Texas, USA',",USA,,
779109751384788993,"Texas, USA',",USA,,
1574079843821649927,"Texas, USA',",USA,,
324154838,"Texas, USA',",USA,,
1518980128889610241,"Texas, USA'}",USA,,
53119816,"Texas',",USA,,
223615407,"Texas',",USA,,
464202793,"Texas',",USA,,
775115559696408576,"Texas',",USA,,
1583809873313046528,Thailand,Thailand,,
1578600175161180162,"Tha√Ølande',",Thailand,,
1198622870966018054,"Tha√Ølande',",Thailand,,
297742844,"The Blue Mountains, Ontario',",Canada,,
122476840,The Midwestern Lands'},USA,,
"84956872'}""]","The Nation-State of California',",USA,,
1056595824027721733,"The obscenely elitist coast',",USA,,
702319204679024642,"the Overlook hotel,Ballaarat.',",Australia,,
1510398232274386950,The South,USA,,
1440726853300342786,"The United States üá∫üá∏',",USA,,
1588609358438359041,"THE UNITED STATES OF AMERICA',",USA,,
1039173071318462466,"they/them || 22 üè≥Ô∏è\u200düåàüá≤üáΩ',",Mexico,,
1535438798405808129,"Thousand Palms, CA',",USA,,
1590314768677617666,"Tigrayüìç',",Ethiopia,,
1556579346525179904,Tlgray @Tdf,Ethiopia,,
"1556579346525179904'}""]",Tlgray @Tdf,Ethiopia,,
147463326,"Tokyo, Japan',",Japan,,
"1736108306'}""]","Toledo, Oh.',",USA,,
828025466887905280,Tongva,USA,,
478138750,"Toronto and surrounding GTA',",Canada,,
1375138120665067530,"Toronto, ON'}",Canada,,
2832311922,"Toronto, Ontario, Canada",Canada,,
33620070,"Toronto, Ontario',",Canada,,
351013017,"Toronto, Ontario',",Canada,,
290122927,"Toronto',",Canada,,
205845020,"Toronto',",Canada,,
1519865287205695493,"Trinity, FL',",USA,,
1554129996385587200,Trumbull County Ohio'},USA,,
1358189717771014144,"Tucson, AZ',",USA,,
138662605,"Tucson',",USA,,
1523299191082131457,"Turkiye',",Turkey,,
900681875718647808,"Turquie',",Turkey,,
1255152542532562948,"Tuscaloosa/Northport',",USA,,
837330509353136128,"Tuscany, Italy'}",Italy,,
1449827242943684613,"Uganda',",Uganda,,
1595789386888744962,"Uganda',",Uganda,,
"606144772'}""]",UK,UK,,
472898734,"UK only',",UK,,
2971148061,"UK',",UK,,
1293496585964400640,"UK',",UK,,
1461408454514548744,"Uk',",UK,,
250781787,"Umhlanga, South Africa',",South Africa,,
1426601164703997956,"Union County, New Jersey",USA,,
797806917590614016,United Kingdom of North Korea'},UK,,
"54498400'}""]","United Kingdom; My Imagination',",UK,,
2447664324,"United Kingdom',",UK,,
381440196,"United Kingdom',",UK,,
1521794283510149121,"United Kingdom',",UK,,
2582681095,"United Kingdom',",UK,,
1417209202636959746,"United Kingdom',",UK,,
1561288285460123648,"united state and global',",USA,,
1496344400649236483,United States,USA,,
2880621087,United States,USA,,
727660305023680512,"United States üá∫üá∏',",USA,,
34817173,"United States of Gods America',",USA,,
"185289508'}""]","United States',",USA,,
"386688159'}""]","United States',",USA,,
15150549,"United States',",USA,,
1585903348540219392,"United States',",USA,,
355898383,"United States',",USA,,
110256969,"United States',",USA,,
497200393,"United States',",USA,,
851298991614693376,"United States',",USA,,
"1247427307'}""]","United States',",USA,,
1129532332380082176,"United States',",USA,,
767558981208334336,"United States',",USA,,
3246195624,"United States',",USA,,
878454038173335552,"United States',",USA,,
1009968292621176832,"United States',",USA,,
431020598,"United States',",USA,,
1212573770059091969,United States'},USA,,
706297852268515329,United States'},USA,,
604053363,United States'},USA,,
1298051569171050496,"univ of delaware / they/them',",USA,,
98907814,"Upper Left, USA',",USA,,
112225417,"Upstate South Carolina',",USA,,
1527343415691603968,"US',",USA,,
1587094661843550209,"US',",USA,,
1543356473966731266,USA - Mexico,USA,,
1418606902573940750,"USA, Midwest',",USA,,
1587956661054050305,"USA',",USA,,
2769337557,"USA',",USA,,
1224863882868678656,"USA',",USA,,
1580638498868322305,"USA',",USA,,
20646382,"USA',",USA,,
857370869609504768,"USA',",USA,,
1553980367991754752,"USA',",USA,,
1577766661586882580,"USA',",USA,,
357232722,"USA',",USA,,
1417320922109947915,USA'},USA,,
833150701211623424,"Utah, USA',",USA,,
369957860,"vadodara',",India,,
21941227,"Vancouver BC',",Canada,,
"1121081233'}""]","Vancouver, B.C., Canada',",Canada,,
272476744,"Vancouver, British Columbia',",Canada,,
3339174444,"Vancouver, Canada',",Canada,,
4805682378,Vegas.,USA,,
1280676458868830209,"Victoria, Australia',",Australia,,
1482972462,"Vilnius, Lituanie',",Lithuania,,
26144406,Virginia,USA,,
389716925,"Virginia Beach, VA',",USA,,
840540316407017476,"Virginia Beach',",USA,,
2724754114,"Virginia, USA',",USA,,
47133990,"Virginia, USA',",USA,,
1515666962025693186,"Virginia, USA',",USA,,
"4668238213'}""]",Visakhapatnam,India,,
1183157737376534528,WA state'},USA,,
1027114311842504704,"Wales',",UK,,
2710802621,"Wales',",UK,,
"745681800400297987'}""]","Walnut Creek, CA',",USA,,
4906021990,"Walton, KY',",USA,,
815236992174882816,"Wandsworth, London'}",UK,,
74174369,washington dc,USA,,
50427352,"Washington DC/Tampa Bay',",USA,,
1165734957802672128,"Washington State',",USA,,
16545084,"Washington, D.C.',",USA,,
16224305,"Washington, D.C.'}",USA,,
822926139693953024,"Wauwatosa, WI',",USA,,
"47207737'}""]","Wellington, New Zealand',",New Zealand,,
422850113,"West Allis, WI',",USA,,
"2984410546'}""]",West baltimore,USA,,
864678243626102784,"West Burgershire',",UK,,
1447107326515814404,"West Midlands, England',",UK,,
1274533719106301952,"West Philippine Sea',",Philippines,,
2285500598,"West Sayville, NY',",USA,,
4089296830,"Westerville, OH',",USA,,
963190169074466816,"Westhampton Beach, NY',",USA,,
1593781778505932800,"Whitby, Ontario'}",Canada,,
929018626526662657,"Whitley Bay, England',",UK,,
884402040201498626,"Whitley Bay, England',",UK,,
789397585,"WI',",USA,,
88923703,"Wicklow, Ireland',",Ireland,,
756656040834428928,"Wilkes-Barre, PA',",USA,,
1596843666705874955,Windhoek\n'},Namibia,,
69634730,"Winnipeg',",Canaa,,
1240795740,"Winnipeg',",Canada,,
1538931375759364098,"Wirral, UK',",UK,,
514778091,"Wisconsin',",USA,,
3010974344,"Wonthaggi, Victoria',",Australia,,
364309971,"Work, USA',",USA,,
892779626640150530,"Worthing, England',",UK,,
"1246195619334676481'}""]","Wukro',",Ethiopia,,
3392221066,"York, North Yorkshire, England',",UK,,
470444114,"Yorkshire',",UK,,
2942683306,"Œëthens, Greece',",Greece,,