,user_id,country,username,description
0,1544263290196561920,Afghanistan,mdjakar,every question \n \nalaw mot \ndepop baldylocks \nuse code jade kapacrew oficial
1,1006207993699098624,Argentina,cuteayola,felings
2,1586514732605112320,Argentina,etdoku,fotbal scout ceo coach parks academy fc knust
4,28190020,Argentina,ikdefender,enginer profesion proud pakistani die hard fan fc bracelona retwets endorsements
5,3226862156,Argentina,maxolieandme,maxolie smal creative textile buisnes love textiles find
7,4122416554,Argentina,jazminc,nan
11,107169642,Austalia,haroldgunter,public_metrics   folowers_count 
12,1103569408893415425,Austalia,liza,nan
14,1300674916652470273,Austalia,bruisr_,nan
15,1585725524458237952,Austalia,bobyheybeir,right nose maybe behind
17,205368519,Austalia,mahighermez,nan
18,22594747,Austalia,ines,music air bts heartbeat bias jimin \n
21,404670731,Austalia,stuche,male \r\nmaried \r\njuly st birthday \r\nchristain\nfotbal analyst
22,53622291,Austalia,quantum_farms,gearhead environmentalist
23,762479876431425540,Austalia,pretyboy_uwu,due people retardnes wana warn yal user damn kid irl cutie
24,843530537042087936,Austalia,wsnb,nan
25,1178686607626575873,Australia,ovodom,nan
26,1246195619334676481,Australia,meda_,jesus bread uiux designer #ocupyinec #stopfraudulentactivitiesinec #stopunderagevotinginec #ineciscorupt
27,1312726427452747777,Australia,cryptohob,location 
28,1440726853300342786,Australia,canonerfour,fan photography interesting people civil war artilery related things \namerica love leave \n
29,389716925,Australia,sparowexplorer,tours families friends alone want amazing moment something unforgetable job
30,95306199,Australia,jazmanmark,realtor land property agent crypto curency trader entrepreneur busines oriented home decor designers dm details let’s deal
31,337355234,Austria,forbitenpeach,life living 
32,351555541,Bangladesh,yachu,average nintendo lover also big fan animals pokemon big retweter liker cute pics lol
33,1405113252410015750,Belgium,jeanin,yangogouei
34,820464967,Belgium,cocojp ukraine,joined post music boxes people facing fears sorows war \nespecialy moms babies \nalways knels wolves foxes cats akita shiba
35,979399941469728768,Belgium,tagota,nacqui un venerdi\npomerigio\npiovoso e turbolento\n\nchisà cosa\nci si sarebe potuto\naspetarsi\ndel resto
36,1461204518968823808,Bhutan,heighway_kely,love traveling art
37,1059345084909568000,Brazil,pigiesnbunies,#pigiesnbunies wil bring cute funy pictures #bunies #guineapigs
38,1575896693169586177,Brazil,castletones,oficial twiter page castleton elementary schol \n schodack central schol district
39,2241393780,Brazil,fredflunk,sory ever
40,2560732672,Brazil,mraiposa,gime sec talking  
41,26635386,Brazil,miliganglene,loking forward seing country thrive beliefs hard work achieves results interested moaners make luck life
42,627524667,Brazil,dosuncan,verified  false
43,803322878590586881,Brazil,kristne,nan
44,1374763877838163970,Brunei,daryabi,#stophazaragenocide \n\n second acount_اکانت دومی
45,902967413322469377,Bulgaria,underbridge,nan
46,514778091,Canaa,paulmick,mick music philyedge icon magazine rockpile record big ideas images distorted facts musicians artists poets performers wcsd
47,107549814,Canada,teryra,regret mistakes 
48,1096817984,Canada,hzardoz,son humanze zardoz baned dana nesel #behindenemylines #ozfest podcasts chief chaos creator #heyze bat signal
49,1160587963,Canada,dan_brumit,disruptive fine #art
51,1205894557,Canada,jamelahjemz,muslimah\nphysicist \nentrepreneur \ndown earth \nintrovert \nchaterbox \nupcoming fashion designer \nhijabi \nshortie \njosite\nblackisbae\nyoruba
52,124279999,Canada,princeshimul,bilgi siparis icin dm
53,1246245727166173184,Canada,chiamakagenevi,jesus lover face fashion model lifestyle graphics designer ux ui visit ig
55,1270648260277960704,Canada,dalstino real,god nice dude pasionate great enthusiasm
56,1276635852463058945,Canada,fgtfxcktoy,certified freak nice juicy az
57,1280676458868830209,Canada,c_chobits,furniture design sales trade economy conduct projects ben furniture field years team want expand areas
58,1282033603891941377,Canada,charly,asked god everything life gave life al \nsuper maga \ntrump
60,1297207077362958336,Canada,rubysto,great grandma vet us army dm folowers live faith honor integrity constitution hapily maried loking chains
61,1314660206597595140,Canada,carthiksundar,nan
62,1358189717771014144,Canada,patchedpumpkins,peper nice time
63,1371652329469001728,Canada,aj_c,id 
64,1382449358210277377,Canada,rajat indian,indian proud hindu \n\nabusers wil blocked \n\nwant make people smile
65,1389946860828299268,Canada,mshoagmunshi,bau law
66,1400593278509146115,Canada,jesnelson_x,\u \u \u
69,1444866509902426112,Canada,kasethzurnst,serpentes roleplayer tapestries wolfery f list url nsfw stuf like retwet icon header
70,1472071062443761666,Canada,urlitleslvt,secret nsfw ac pansexual switch hard n soft kinks dm’s open unles we’re mutuals n interact love u ⇢ ˗ˏˋ horny
71,1472953294754512899,Canada,mchaela_f,fan mutual aid fre things sunscren dc politics usualy runing late dc born md raised anc
72,1482909633597505536,Canada,w ifboy,poison ivy im daisy
73,1482972462,Canada,camerakazephoto,photographer kate winterbotham sports dance events portraits headshots lifestyle fashion covering matches hinckley leicester rd fc
74,1516607068618166275,Canada,aftab,created_at 
75,1519865287205695493,Canada,baileyh,rated trash
76,1528776610018512896,Canada,dokpeace,\nicon
77,1542160402666164226,Canada,arabawa,#sdgs advocate environmental advocate climate advocate
78,1554129996385587200,Canada,per,tired people liking idea knowing used
79,1565331121646215169,Canada,bartgila,older dirt double scorpio lgbtq aly loves music horses afraid opinion voice block al magaets
80,1583748283683463170,Canada,tibachlor,created_at 
81,16168622,Canada,stenaco,timber construction project manager \nhoby photographer pasion
82,1670989826,Canada,pegzypo,location 
83,1689236964,Canada,tanies,#bts world domination \n—for tanies fimies newjeans btspoper toxic multis non bts stans solos
84,16914946,Canada,kourouklides,moved #getr founder #edtech alumnus views self censored likes shares ≠ endorsement
85,17449331,Canada,damolaowode,lasale ’ height ’ weight wingspan ’ de olb gpa coaches cel geofrey marcone
86,205845020,Canada,nymofnysar,notifications filtered
87,21421397,Canada,haryrightboby,born scorpio skies
88,221114461,Canada,amycox,regret mistakes
89,22999012,Canada,arctijebrown,architect
91,2357187444,Canada,dimaswmorales,love country
93,253180602,Canada,bigrobstuner,location 
94,26688322,Canada,lizie,q →
95,270921976,Canada,churun_meru,cristiano bolivariano chavista socialista
96,2800143476,Canada,joewozhere,england ireland scotland \u e \u e \u e \u e \u e \u e f wales \u e \u e \u e \u e c\u e \u e f
97,2842118875,Canada,steph_vonta,nan
98,290122927,Canada,agnos_pharmos,iranian patriot humanist agnostic fredom fighter question everything mek #iranrevolution راندازم
99,29447428,Canada,tarshasherele,son lsu ig lovetarsha i’m talk air nothing
100,3010974344,Canada,davidlocksmith,cover al types locksmith work including burglary repairs lock changes lock repairs lock outs emergency entry \nwe unlock car also
101,304823007,Canada,indirectultima,heir blod springtrap ambasador
102,3170442088,Canada,_lalo,nan
103,3279034640,Canada,diahectics,absolute movement becoming doctorate history policing organizing
104,3339174444,Canada,seosamholaoi,nan
105,33620070,Canada,bonieburges,nan
107,351013017,Canada,velcrojim,nan
108,36067096,Canada,mi _montreal,mi new age financial comunication company specialized market awarenes market making market inteligence
109,364636495,Canada,_nft_niyi,nft related wizkid fc
110,37489774,Canada,mulugeb,advocate people tigray #stopwarontigray #tigrayrapvictims #tigraycantwait #tigray #tigraygenocide #tigraywilprevail #alowacestotigray
111,385745392,Canada,ninerforlife,nan
112,401443455,Canada,drironjunkie,junior doctor pgy gpst \u plant based nutrition vegan animals amateur fitnes guy opinions
114,4805682378,Canada,xplicitmevon,music producer song writer visionary xplicit entertainment manchester united fan mv
115,482338494,Canada,suewestwrites,writer kind write beautiful words wurundjeri woi wurung country
116,4863079029,Canada,worldofsardina,wil stres things can’t control change let beauty love way go away porn politics drama
117,49165172,Canada,razanisharmin,reality u make \nsnap eme_emery
119,523559327,Canada,sojib,nan
120,540465387,Canada,libertyanfre,christian american \n trust lord al heart \n proverbs \n\ntrols bots blocked
121,738130621071925248,Canada,stolzu,love al animals especialy big smal cats dogs wolves elephants girafes squirels dolphins whales \nno dms please war please
122,764451495555244033,Canada,nbc,protected  false
123,789397585,Canada,sharkth,x serving life
125,841728096231395328,Canada,zeze,weather music
126,84956872,Canada,big la,los angeles ex colegiate athlete let’s cut top let choke
127,914740242233610240,Canada,menstrual_pains,nan
128,914956623801733121,Canada,polarbearish,masks work wear x \n #blacklivesmater trans lives mater lives mater \nzirati shamanka lover beloved living gaia \nshe
129,937230148201574400,Canada,epolaert,former project finance lawyer curent photographer germanic linguist b j l opinions berkeley utrecht
132,34782531,China,alolamanalo,i’m su years old mostly pokemon twewy acount post interests baner
134,74976267,China,adnankhanadi,best frnd
137,1353085512576245761,Cuba,bayhockeyradio,bay hockey radio brings live comentary whitley wariors whitley bay beacons formerly wariors radio
140,363470669,Czech Republic,riverlevel_,one ’s unique automated river level acounts part systems email info com 
141,1225698736854036480,Denmark,junaidb,like rest
142,635653676,Denmark,miliganglene,loking forward seing country thrive beliefs hard work achieves results interested moaners make luck life
143,3078313054,Ecuador,cusksjmon,army bts
144,1484089031625482240,El Salvador,saman,nan
145,1129848049,Ethiopia,fredback,nan
146,147463326,Ethiopia,lovelyhamlet,oz amareto oz soco lovely hamlet holiday sale al live readings wil get coupon use ‼ bok card reading
147,1541693317972377601,Ethiopia,onikaela,writer\n\nbarbz life
148,1736108306,Ethiopia,karaboriley,nan
149,2942683306,Ethiopia,swampswampy,someone come get im gay drive
150,395646798,Ethiopia,shkmubashir,nan
151,828025466887905280,Ethiopia,zoeynkxsaf,don’t get lucky make luck  
152,1338510628147912709,France,dontwetonme,americans celebrate sons conservatism july th liberal citizen patriot
153,1505901446,France,dbax,nan
154,1516312445089980420,France,mikeperyavatar,wel adjusted considering 
155,1566413088731140097,France,mixpawat,verified  false
156,1587481739416453121,France,habisiby,nan
158,2547762242,France,smuray,nan
159,2777172341,France,nekdumie,wil win indefinitely
160,333804597,France,porhonestghost,panda aspen rudy bekeper entomologist cw arthropod content ahead
161,817761598278406148,France,cyberpu_nkfixer,megazord\n\nnot god fit twiter\n\n#midjourny #midjourneyai #midjourneyart\n\nstyle substance\n\natitude everything \ntake edge\nbreak rules
162,82639651,France,azkomu,producer dj arizona \\\\
163,887707490,France,clfklf,conservative mamaw
164,955465869827674114,France,bg_sophy,humble lowkey twep
165,1000818739984650243,Germany,deathapedisco,furious expansive uk rock band love clutch alice chains tol orange goblin al god things listen rock
166,1003736769777553409,Germany,_juniebrijones,live life color ig _livelaughlovebri  
167,1016357270807089152,Germany,jalexa,often tweting constructive criticism white house journalists #blacklivesmater #beyhive #renasarmy htx
169,1211400095649808384,Germany,hoganmarjory,k k q q
170,146743963,Germany,brucekeresa,widow w ost amazing man retired leo social worker proud folower christ religious hopla proud mother grandmother
171,1550548664208470016,Germany,tastev,leftist natureanti fascist birth #neveragain #standwithwomen politicaly homeles former labour party wil block use terf abuse
172,155617683,Germany,viaevis,fan acount entertainment purposes bts mdzs cql hxh shl woh tgcf
173,1579908238904070149,Germany,roly,nan
174,2786134888,Germany,minerva,nan
177,4013970386,Germany,khaharshohar,من منسوب به افغانستان، متولد ایران هستم هر دو کشور از به رسمیت شناختن هویت من سر باز زده\u cاند پس من یک بی\u cوطنم  
178,826105154139254784,Germany,heh_r,nan
179,1307407841242877952,Ghana,hdhrh_hfight,nan
180,15035209,Ghana,mqmyles,ooh yeah #uiuc bloger ig prety_standard_
181,3182990685,Ghana,kent ie,love w yv
182,3294058415,Ghana,kweku,publicitygh maping oficer sound enginer la laker curently loking employment
183,707265303512784897,Ghana,mr_wilz,sc mr_wiliams #lakeshow
184,905530344,Ghana,vermilionrich,nan
185,1189837278505578496,Greece,spt_liz,duke dpt clas  
186,1430190893479469058,Greece,joyjose,items frm
187,1586195391652933633,Greece,mpleasance,gek nerd techie thoughts twets usualy
188,1590242461426802688,Greece,spsalesleting,sp sales letings family run independent estate agents situated heart coalvile  
189,1337543383800229892,Hungary,zanaines,wandering time magical vesel fate\n\nconcordo 
190,36128870,Iceland,femzydaraw,artist bn non religious ambivert click tha link listen #vawulence
191,1011690982344032256,India,broke_blas,realy sure i’m existing
192,104583131,India,powerblack,nan
194,1119179123576827904,India,almystars_,go catch faling star run run run
195,134340234,India,juskese_,broklyn l
196,1391765435671064576,India,nightstandreads,nightstand reads dedicated bringing awarenes great boks mases milions great boks go unread want help change
197,1419239941704359940,India,mridha_saniyah,nan
198,1419421881896214535,India,dqzk cx mhgds b,nan
200,1540686967263961088,India,meoreubag,nan
201,1541431159258750977,India,seanagnew,capitalist veteran golf bourbon
202,1595168652147494929,India,revenantialtax,nan
203,1716610758,India,davidabramsons,nan
204,189554997,India,_talierose,indie author avid thrifter houseplant murderer many cats
205,2149223948,India,lovers_mileapo,nan
206,25964286,India,hikeourplanet,protect al beings love #nature #vegan #hiker #photographer #optoutside #resist save #publiclands
207,265079836,India,ruwtncab,many instant clasics mised  
208,2710802621,India,lailacnip,nan
209,272476744,India,rickybwolf,mankind\ s noble goal search truth understanding \n mankind’s noble emotions curiosity humility reverence love
210,2863794265,India,broncougar,nan
211,2889601750,India,jwpak,physician specializing stem cels regenerative medicine
212,300454955,India,its_carlos_here,one observes survivors learns frank herbert
213,3151598514,India,bam pr qfvflv,nan
214,355989081,India,rkivsew,ya dije q amo jimin
216,775321488484290560,India,arythestary,welcome trans non binary bi old zophiles die autistic conditions furafinity arycat instagram arythestary
218,834474696460558336,India,cindylo,hope wel exam
219,744368337732272128,Indonesia,boriscuelar_,tenias para toda tu vida pero quisiste
220,14918577,Iran,adelina_sinohui,best gun save life one \njames \n \xa believe one god god even demons believe that—and shuder
221,1573249744394223617,Iran,laviedechattot,veut la vie de chat et plus vite que çà
226,1596962514738233344,Iran,touhoukid,public_metrics   folowers_count 
227,1596962697828077571,Iran,xp r,shtwt edtwt don’t report block basic dni proshiper map p anti ed shtwt transphobic squeamish
228,1596962838505037829,Iran,rebeca_reder,bok reviewer #boktwt writer animal lover traveler member volunter orangutan foundation international tcu alum #scbwi
229,947956197310603264,Iran,dobszaieszter,#istandwithamberheard #justiceforamber #wecanbeheard 
230,1238886328852533249,Ireland,rodfrank,mayor strathcona county contact rod frank ca views
231,1271223433553207296,Ireland,_ireland,united ireland \n counties\ncatholic protestant disenter\n#remembermynoah
233,1329127115317456897,Ireland,kibetinc,never serious\n
235,1577078589564096517,Ireland,justyna,id 
237,409488227,Ireland,arminirani,nan
238,58874851,Ireland,apeinv,nan
239,69634730,Ireland,kerstmis,tradities normen en warden democratie en vrijheid van meningsuiting west europa moeten beschermd worden tegen links fascisme en islamisering
241,797171522402140161,Ireland,calicocathy,nan
243,606144772,Italy,jdjwhite,love god family fishing oh deplorable
244,1582679591449030658,Jamaica,abie_,leo
245,2503035837,Jamaica,engyali,mod bibo alpha wagmi
246,739143990499364864,Jamaica,the_audacity,believe whatever want \u ’ \u ignorance blis #copaamerica #forcabarca
248,478138750,Japan,thacherislandwx,nan
251,1278930481606770688,Kenya,c cc b ciklf,nan
252,1405884552803987457,Kenya,p_milerd,helping people thrive unconventional paths\n\n pathles path \n\n \n\nexploring w
253,1405904535042904068,Kenya,mcgin,mother grandmother nurse lifelong learner
254,1509894804909527042,Kenya,fwpleaguetwo,live scores half time ful time updates plus latest news sky bet league two
255,1555135230746529792,Kenya,mecatarina,live quietly smal corner internet ocd fotos sportsy cofe art
256,1555465111313211392,Kenya,stef_baby,uiuc ‘ \u
258,228530136,Kenya,fuckingnerd,world famous bloger
259,2367069331,Kenya,fernand,nan
260,2603541862,Kenya,janesawdc,feme dc scream quen saw family
261,287594979,Kenya,karluhbab z,اشفقت من اخفاء ما لم تخفه فكشفت ما تخشي غواء
263,814770191930458112,Kenya,caradict,aye
264,890863857203384320,Kenya,ryanthehunter,nan
265,18840896,Kuwait,iuvcherimotion,nan
266,1563182892955578370,Latvia,evil,luv horor
267,840540316407017476,Lithuania,detrafo,last day found girloving
268,2672717805,Luxembourg,awesomechristo,yo poland
270,1018242338278256640,Maldives,josephwenger_,nan
271,1477672337373859848,Mexico,cgard,truth social
272,1590314768677617666,Mexico,pacthug,nan
273,16059899,Mexico,cris,q
277,61658565,Mexico,ariesdame,actualy use bluetoth headphones wel
278,1538931375759364098,Namibia,criticalcupcake,science comedy left lgbtq atheist #resistance\nchronicpain polybipan quer\nanti religious harm bigotry \neveryone idiot sometimes esp
279,1547178544102621185,New Zealand,bufer,nan
281,2201720923,New Zealand,inovativehindu,consultant वसुधैव कुटुम्बकम अहं ब्रह्मास्मि त्त्वमसि seker sanatana dharma proud hindu hindu nationalist absolute fos foe facts
282,2218505628,New Zealand,arkayesq,science shit everything interesting amateur astronomer netsec grey hat project redwod act burner
283,506230666,New Zealand,aniena,regret mistakes
284,554418556,New Zealand,wilycoper,nan
285,753238093579165700,New Zealand,dabears,tis season bear
287,1019287244,Nigeria,alexblx,democracy secularism fre markets mean fredom peace prosperity
288,1031623485242699776,Nigeria,seth_doumit,#lilsmokiegang sdoumit
289,107360105,Nigeria,dropbuckets,nan
290,1112715843639656448,Nigeria,amerahtu,nan
291,1113693029347540992,Nigeria,jeremiahw,product tech nerd views  
292,1117369610,Nigeria,artyny,check newest boks facebok arthur fantasy syfi author published
293,1118399214,Nigeria,stephenolateru,believe world #zeropoverty #zerodisease \n#criticalthinking #inovations\n#healthtech #healthresearch
294,1127871272090779648,Nigeria,drobertico,la vida una sola se vive hoy
295,1133881834322968576,Nigeria,spraguejr,nan
296,1152213159941464064,Nigeria,michel,honest
297,1168915182581686278,Nigeria,riverlevel_,one ’s unique automated river level acounts part systems email info com 
298,1182549516672753664,Nigeria,astronatie,location 
299,1207857696,Nigeria,shavaunglen,dabling art science comunications encouraging people use productive dialogue active listening empathy interact
300,1208978765826666498,Nigeria,calme_greny,greny rose suport #mileapo
301,1217401920450711554,Nigeria,ab savage,nan
302,1226936266731728903,Nigeria,momadukes,trump suporter maga kaga much veterans dogs greatest friends back blue dm’s
303,1228667284664848391,Nigeria,dem z,reader writer teacher gardener seamstres contrarian profesor alice grifin profesor english university virginia
304,1230923775786573824,Nigeria,levismom,autism advocate superhero al phily sports fan life #airforce veteran award wining children’s bok author #blm #blackautisticlivesmater
305,1259809114873647104,Nigeria,polyglote,parent academic gc tired woke bulying lunacy society pronouns ef
306,1260555995853586432,Nigeria,jenife,regret mistakes
307,1281525153940361216,Nigeria,keleyb,youoing
308,1287057413753929734,Nigeria,maplenodles,nan
310,1349136910510395392,Nigeria,spcmvjc,#stophindiimposition #kanadapride #trump #godemperortrump #kanada #federalism #kanadigafirst
311,1356601718579077123,Nigeria,head_of_peace,maintaining balance world
312,1362548856995667971,Nigeria,serge,researcher historian views strictly fre thinkernba adicted 
313,136332919,Nigeria,bilbo,ideas guy god
314,1363916805794856964,Nigeria,beier ubimz,nan
315,1440601338224594946,Nigeria,softghost,location 
316,1463715376517332992,Nigeria,juryprojectza,nan
318,1483400361318793218,Nigeria,monsenyore,location 
319,1531161175,Nigeria,mzdoyen,navigating life best people world #endsars
320,1538284490304409600,Nigeria,og_mitch_,use stay safe stay dangerous
321,1570833157892571137,Nigeria,susan,nan
322,1572502848222396417,Nigeria,_sense_,nan
323,1577898933870886914,Nigeria,fucknoshitfuck,bad art work god metal work\n • drunk angry\n• ten badgers skin suit • quer hel •\n •\nthey
324,1578431701788893184,Nigeria,f,\n
325,1590160007382827008,Nigeria,jankeova,člověk je bohatý tímco učinil pro druhého
326,1591745346727825409,Nigeria,cletmike,nan
327,1596230824222932994,Nigeria,godwincy_,verified  false
328,1873520106,Nigeria,whitecrow,nan
329,222289436,Nigeria,adammanah,environmentalist training  
330,2224934922,Nigeria,bisonenraged,stand reasonable discourse fredom spech respectful rebutal open mind know believe pronouns dumb 
331,2282270222,Nigeria,avo dworld,ℭ ‘ ’  
332,229428955,Nigeria,nyc,trafic transit updates new york city area provided new york state visit website feds
333,2786326915,Nigeria,carsonstephen,bengals news updates’s everything bengals big fan trying give people news takes things dey
334,2808105549,Nigeria,elmensmag,verified  false
335,284662974,Nigeria,remyvtr,father son brother believer god truth justice\nfre american deal \nblesed thankful god almighty everything\nif b
336,294514865,Nigeria,wayne,nan
337,3161045149,Nigeria,helene,w v manfenjy v mfjy q →\n
338,3238426689,Nigeria,r,nan
339,3748292295,Nigeria,wisernigerian,marine project consultant god governance advocate #everythingobidient #votewisely
340,383895257,Nigeria,lifetmet,nan
341,383895257,Nigeria,mikez_tech,watching world decay rapidly like automation robotics oil es futures vix colege fotbal mostly like colege fotbal #girldad 
342,439927467,Nigeria,_akhimien,architect pasionate curious present
343,453880154,Nigeria,panshakhagai,nan
344,458216319,Nigeria,sbearlover,proud american fels like country back track stuck dep red state thank biden #voteoutgop
347,765315176,Nigeria,segun_oa,helo world
348,810473529665814528,Nigeria,dolanmorgan,protected  false
349,826224919,Nigeria,njorogeh_paul,created_at 
350,826532549518204935,Nigeria,ducvu,nan
351,838675091760287744,Nigeria,teblaq,nan
352,872923898492399617,Nigeria,dcstarika,citizen universe agnostic architect registered independent \n\nretweting art briliance every day tweple
353,875294427601928192,Nigeria,sprenwtf,hincha de boca como george
354,880551935102857217,Nigeria,_aimhope,sfw art blog yes hi autist artist adhd trans old man\nart media tab blm
355,897173793545883648,Nigeria,pedrozors,hasta la victoria siempre \n\nlove fredom crypto vintage music soul dog \n\ni rather die fet live knes #nodistopia
356,96117406,Nigeria,justinejei,و انا ماضون في طريقنا كالف سيل جارف وشمسنا لا 
357,975850201780023297,Nigeria,youngnuch,wizkid stan \nsingle
358,987299875313405954,Nigeria,ginaonyilo,whatever put god first\n quen gina \n \n gracechild
359,1033148036120305665,Norway,carollx,la dodgers shih tzu mom animal lover dragonfly folower aj polock fan pasion cars scuba diving
360,1449796374363574277,Norway,kraketifany,\n
361,3296891708,Norway,vijaysh,congres sevadal district cordinator ajmer jila rajasthan
362,97375251,Norway,the_blast_au,serve au girls basketbal players oh neo nco nwo columbus cleveland
363,1000595859178835968,Pakistan,nickfarman,northwest regional scout wa id ak fre student athletes #nwstandup west coast scout
364,1042240161617256448,Pakistan,big_cat_baron,pro life pro legalize canabis psychedelics future mental health treatment
365,1048883100753809408,Pakistan,melbmeditate,protected  false
367,1191855827667128320,Pakistan,kangtaonoble,parody acount
368,1293956527309697026,Pakistan,mikeireland,teacher parent city suporter co owner dcfc sports fan general #dctid
371,1384857673523412995,Pakistan,sheaydon,al ned love dog
372,1451669321218990080,Pakistan,hadis,nan
374,15018425,Pakistan,cofegrog,location 
377,1512561912,Pakistan,micklvscambs,nan
378,1529492301776830464,Pakistan,u,fan mile phakphum apo natawin\nthe unamed fandom
380,303495844,Pakistan,jimim,make private
381,3088724457,Pakistan,suly,eternal patriot conserv retired nypd broklyn god country dms dms insta block
382,39755514,Pakistan,shotingweather,practice comedy love cult movies dogs
384,701432497,Pakistan,decimatednzl,location 
385,825795703351894017,Pakistan,lasharleymari,gamer al nerd weirdo dog lover boks loved wel #adhd
386,864272400,Pakistan,susune,fan de final fantasy tifa lulu
387,871072594593800192,Pakistan,tinaort,youoing
388,885093337,Pakistan,token,verified  false
389,934860376046473216,Pakistan,mikeg hunit,smoth brained nutritionist
391,943115069558329345,Pakistan,azizipourm,god always
392,950214957190209537,Pakistan,hipsterhalfling,leo taurus aquarius type nine aparently twets leave read confused awed care
393,993454242,Pakistan,scotgoblue,name 
394,1370857166677151745,Panama,yamaking,sailor seas fate
395,2771164420,Peru,hulhowe,ان بدلوا اوله اخرا وبدلوا الثاني بالاخر حدت
397,780575661081505792,Peru,stfuaaru,infj know dont
398,1099975647202557952,Philippines,johnhar,birdwatcher general natural history mainly buterflies moths dragonflies flowers tres living north warwickshire moment
404,1584310361372729344,Portugal,michelerugeri,nan
405,2755098826,Portugal,wiliams_f _usa,oficial usa wiliams racing fanpage memes news wiliams nl jc ls zo
406,833420755786412034,Romania,stephenfosket,robot repeats says online one minute day
407,768664173744103424,Russia,sharfulhaqawan,fearles
408,70289960,Signapore,plugn_drive,created_at 
409,1411271485675782148,Slovenia,kavya_exol,nan
410,102449083,South Africa,juthimorshed,nan
411,112789674,South Africa,bantu_,nan
412,1150778271505760256,South Africa,stepingonants,rambling bio nerd playing fish
413,1177291960874405889,South Africa,milwauke pete,love bucks brewers packers pete butigieg #teampeteforever
415,1370702028125650945,South Africa,pre,nan
416,1431221129633574915,South Africa,legionaod,sonic shocks owner harvest podcast network socials \u
417,1436303713497387008,South Africa,girlwithaheart,always state confusion
418,1470868585618759684,South Africa,okon qhih,nan
419,1501231696854794254,South Africa,gordonmcgowan,nan
420,202988475,South Africa,regenerfarmtive,les impact bio #regenerativeagriculture #permaculture
421,214400521,South Africa,greggrace,lucy craft laneyga ’ sr c dt x st team al region x al area cel nca id email rgrace com #bediferent
422,23020850,South Africa,amc,nan
423,2369715174,South Africa,pearl_e,created_at 
425,4074998777,South Africa,georgesonclay,power resides believe resides
426,47050295,South Africa,malikshaz,nan
427,54498400,South Africa,homeyra,human rights advocate \nactivist fre iran \nbay area
428,597705626,South Africa,ali,nan
429,851924602775375873,South Africa,sicknesnote,public_metrics   folowers_count 
430,937756066221379585,South Africa,paul,nan
431,1302896034260168706,South Korea,thanh _nguynan,nevaeh \nwhs
432,1452359254749421569,South Korea,jaymz,nan
433,251815423,South Korea,pascoemarice,retired teacher holiday al time like fun
435,771571580417695744,Sovakia,cristian_gontar,nan
436,1020078110660878337,Spain,layla_,layla social 
437,1252904829191675905,Spain,computerwizard,msc cyber security digital forensics view \n\n modeling video games vfx animation \n\nserial entrepreneur \n\nceo jay dave digital ltd
438,1496118616705671172,Spain,dicearisuganya,shye eng un poco esp multifandom rt shirtles boys sometimes enfp bitch\n\n• tumblr kaedyn ask discord
439,1524750786638409731,Spain,dejah_digital,help young ers start profitable online busines using smartphone
440,2850879477,Spain,ashi,fiter
441,3537694516,Spain,beanstalk_,sbi pfp
443,821650201,Spain,shrefeven,ድምፂ ውፅዕ ህዝበይ \n\nኣደይ ዓለመይ \nትግራይ ሃገረይ
445,1506017038300557317,Sweden,arabi_z,author analyst yemen syria egypt ksa iran iraq lebanon palestine arts moroco policy war women prisoners
447,2211464678,Sweden,liz_bilbrey,items frm
449,780569790515585025,Sweden,wowitispaula,nan
450,1497825889329229824,Switzerland,improv,nan
451,893437019472379909,Switzerland,wokie,created_at 
453,122476840,Thailand,besgrey,q
454,297742844,Thailand,britanyzucker,tribel britany zucker\nmastodon
455,934899790386794496,Thailand,jazy_grenmail,god invisible incomprehensible intelectualy understand god experience want #toriesout \n#fbpe #indyref #abolishthemonarchy
456,1250527728698380289,The Netherlands,dgkmusic,weird litle composer orchestrator film archivist
457,1499151969700790276,The Netherlands,renesheiamuzy,regret mistakes
459,38492601,The Netherlands,jaythesailor,railway electrical enginer ex flet air arm mechanic rn scuba diver #thfc #tid totenham born bred #coys
460,1077455690522902528,Turkey,eightiesbuckley,eleanor levetan apologist ღ multi fan acount
461,1157909196777676800,Turkey,aasif,nan
462,1217970494747508736,Turkey,seyi g,director public engagement self healthcare empowerment initiative executive partner partners retwet’s endorsement
463,1449827242943684613,Turkey,jayjosephlyrics,bot posts lyrics jay joseph’s music every half hour folowed man created curated
464,1548058612639023104,Turkey,lisahub,items frm
466,3433587614,Turkey,masac,sit patiently\nwaiting find price\nyou pay get of\ngoing al things twice
467,46935565,Turkey,sharpon,tusculum pioner uk wildcat boston sports fan living country
470,887252817198624768,Turkey,travelorereport,travelore report ben published monthly since editorial team focuses upscale travel values worldwide link safe  
471,918480689376518144,Turkey,tbonebagins,nan
472,2993788962,UAE,sheilamtinkham,artist residency capital city painter lover impresionists studied georgia tech
473,844878248123117568,UAE,tufail_akhan,nan
474,1165719800980615173,Uganda,_zinaria,north dvm ⏳ philanthropist ig zinaria busines page  
475,1481358156156608512,Uganda,tesfay_mola,nan
476,1596961726100115456,Uganda,jacklucas,nan
477,1596961899849158656,Uganda,tembieneyti,nan
478,1596961992211927043,Uganda,sultana,nan
479,2971148061,Uganda,shekay,#santasquad #gensquad #teamstacks #roboticgang
480,472898734,Uganda,eahsmahbap,gondolas guns surplus gear memes outdors\n\nebin \n\nfug \n\nbenis
482,1015426782,UK,stevenbolander,perfect level weird acording
484,102693320,UK,gilgrene,profesor emeritus ohio state university colege social work clinical social worker using strengths based aproaches
485,1031499956413067264,UK,beachape,nft adict send help send eth
486,103383073,UK,lelelino,welcome thoughts
487,1067418291638083584,UK,tringogetaneh,nan
489,1082340050862571522,UK,ofer_olivia,sad
490,1087563633284894720,UK,thespideygang,bot twets spiderverse content every hour run
491,1100463874678116352,UK,alybeatie,nan
492,1101485903518859264,UK,ncybot,nan
496,1134907050,UK,danielxploit,emprendedor con muchas ganas de aprender apasionado de la tecnología el mercadeo el mundo cripto
497,1139296858801680386,UK,tonyduongs,nan
498,1140763441138978821,UK,lhgh,#respectmysex terf island
499,1143553243307548672,UK,anoliwasel,wer mit menschen spieltsolte sie nicht unterschätzenden wer den teufel ihnen wecktsolte das feuer beherschen
500,1161241483388866560,UK,melwhitaker,nan
501,1163250458242310144,UK,theoralbufet,author activist #bluecheckedbygod author e bok shades love bok modern day love poetry available amazon kindle
502,1165572223,UK,armandsarlangue,nature photographer siena drone awards photographer year natgeo guardian california academy sciences
503,1165734957802672128,UK,marc_krypto,like pictures stuf
504,1184432823584858113,UK,qualityonlinea,welcome home profesionalism quality work line quality grade guaranted responding son posible
506,121243842,UK,talenkali,ig tiktok new singles trash talk lovers music merch tix album
507,1235999811188535296,UK,trivenik, 
508,1239616965859323904,UK,hotazrael,latin cm vers performer
509,1247809673069121541,UK,mimmoradi,public_metrics   folowers_count 
510,1293496585964400640,UK,scralston,nan
512,1326862794,UK,tigerkirby,name 
513,1381212938371928072,UK,calculoergozum,nan
515,1389311147803807746,UK,shahada,\n bipoclaire\n roseinsomnie\n üniversitede türkçe okuyorum
516,1400601025,UK,bilamb,nan
517,1412776024962654208,UK,depoland,vince malum bono
518,1417209202636959746,UK,noisesounds,nan
519,1426601164703997956,UK,lauriefitzptrck,learned x os playing game \nal
520,1461408454514548744,UK,donathorson,protected  false
521,1461412110433406986,UK,mikestoyanov,actor writer sandwich enjoyer #blosom also #darkknight #bilions #justified #blacklist #bh #calmekat #madtv #mrshow #conan busy sound
522,1464872387921338371,UK,_graciebatista_,bienvenide
523,1469632044863045632,UK,deniernyc,come legrom stay snark
524,1475180533,UK,parcepile,nan
525,1475644289367650304,UK,gt,nan
527,1496344400649236483,UK,piyawt_real,nan
530,1524485520604213255,UK,jfarquitectos,estudio #arquitectura #architecture #photography #design alcaria promociones inmobiliarias plan sur
531,1540005941420204034,UK,rubensa,one life one chance
533,1545024715630288896,UK,wingman,fan braves basebal bloper world domination eventual browns championship pen state victories
534,1552715085059178497,UK,maso,vintage cyclist that’s sports enthusiast
535,1559571085041238016,UK,ulankrebcid,غرير لحاظ ناقص الخصر فاتن نكمل اذ في اخذ روح 
538,1582832931835637760,UK,ogsaucepot,i’m dude chicago
539,1584492977694691333,UK,silkvaughn,created_at 
540,1587467928886190081,UK,linhtrn,love idol bts otp bị u mê vì họ sẵn sàng vì họ army linh
541,1587467928886190081,UK,sgtuvy,nan
546,164593620,UK,karenrabit,jesus folower author speaker retired psychotherapist writing today’s christian woman memoir trading fathers wekly sunday psalms
547,1709794771,UK,mrsshanendoah,wife autism mom patriot trump whole world knows fight constitution american birth southern grace god child christ
549,177236485,UK,indiewrestling,independent wrestling streaming live demand month download android ios roku fire tv aple tv dvd b r
551,183862495,UK,_amengaga_,nan
552,18651120,UK,radiofafrica,location 
553,1909477267,UK,srarcanine,lyon rem helsos brainrot \nlyon shiba behemoth psn srarcanine
554,192732053,UK,wizking_asta,kinda diary stop reading••stream jaboukie’s rockwhyler••stan asta wil wizard king may force you•i folow cult back
555,1936853149,UK,lunahsfouv,knows remedy trouble
557,19987249,UK,tsgebrhane,proud tigraweytiy
558,208700525,UK,ze_many,mom human lover souls michigander #mswarior
559,21285205,UK,brenda,retired teacher social worker feminist noticed sems lot overturned rocks alberta days eyesore hope changes
561,2285500598,UK,esmerelduh_,you’re girl rockstars write songs \u twitch streamer mouseketer pfp holy dart
562,2320907478,UK,zena,location 
563,23922042,UK,carolin,hope wel exam
564,250781787,UK,mikdona,opresed world\n\nblocked \nsabra shatila\n#uyghurgenocide\n#unfolowpeterhitchens\n#frepalestine\n\n#whereispengshuai 
565,2582681095,UK,sunflowerose,i’m roting everyone black
566,2605958124,UK,xaqhjxktybadxwa,nan
568,2823365823,UK,cradilu,public_metrics   folowers_count 
569,2880621087,UK,elestar,من انين الحضارات اقبلت منكسرا وحشة العشب تجرح 
571,2984280598,UK,abeke_ademide,beauty fashion lifestyle\n\n unapologetic hustler\n fashion model\n chef frelancer
572,2984280598,UK,vincarter,nan
573,30365182,UK,anomulus,adult adults please
574,306928901,UK,lakecountydem,nan
575,31396223,UK,ashleyaviola,ashley aviola long time resident pasco county coming area young child strong rots region wel versed 
576,317852426,UK,marcjoul,interested web \n#cnft\n#nfts
577,336635626,UK,riverlevel_,one ’s unique automated river level acounts part systems email info com 
578,339308159,UK,bayo,wiz stan run away war zone
579,33947812,UK,karlmaden,nan
580,33947812,UK,debr,churchil fre pres unsleping guardian every right fre men prize
581,342617934,UK,bernah,nan
582,364309971,UK,chapy,fotbal fan 
586,4089296830,UK,aries,fre spirited idealist believe character reputation believe power love
587,414898511,UK,dayhikingtrails,complete guide great day hiking trails popular state national parks wel family friendly hiking tips #dayhikingtrails 
588,415801010,UK,meri_,wife mother grandmother christian conservative
589,4181080761,UK,stulord,packers owner lbs lost boring twets
590,424753040,UK,kevndu,kevin sad
591,44583239,UK,ukhizir,nan
592,459578223,UK,novenomthanks,fjb nuked x mis old twiter fam love god fredom kelpies dogos animals ausie hate coruption \n v x ever
593,467357552,UK,oifori,stan acount love beauty tukura
594,470444114,UK,mahighermez,nan
595,474973688,UK,prkr,↗ insta prkr
596,485064670,UK,keithclyde,keith  name steve sister cals
597,4906021990,UK,twinjokic,aspiring center captain duo ᴜᴍʙʟᴇ
598,515865307,UK,spanglydaisy,labour trade union nhs suporter feminist anti racist #fbpe lfc fan must ‘king world’ let jurgen klop #disabilityrights
600,553458508,UK,swetsueblue,wil resist fight back mine children grandchildren generations yet born put list wil block
601,5864232,UK,slepydoremouse,nan
602,6424562,UK,johnrg g,hola 
603,70658199,UK,kokoki,nan
604,731416927,UK,buzboncath,welsh international fotbal science boi sir benfro syd wedi dysgu cymraeg ocasionaly sweary views rts likes aren’t always endorsements
605,735892470,UK,godiegodog,can’t remember pasword
606,73656500,UK,syedghazan,jiyala birth vision szab smb chairman pride bilawal bhuto zardari vp pyo ps district central social media activist p
608,756656040834428928,UK,natisais,nan
609,766540285220298752,UK,jeniferrinal,ordinary girl crazy world\n\n go forward bravely fear nothing trust god al wil wel st joan arc 
610,771368542281142273,UK,sahebimansor,nan
611,778266046125965313,UK,quiteonemarcus,god save king always trouble twiter king country never socialists monarchist unionist #snp #neverlabour \u e \u e \u e \u e e\u e \u e f
612,796604419,UK,phil_fre_,nan
614,808557457,UK,kiwi_,nan
615,815236992174882816,UK,uptownprinces,earth angel sword
618,87259041,UK,onhels,new acount got boted \u chers old n new folowers
619,88462663,UK,jalenesq,suports fulham fotbal club ny mets ny giants ny rangers ny knicks nyu law lse great beaches world
620,888057374795321346,UK,colonakyle,nan
621,88923703,UK,sockstench,young uk binman vers switch workieschavs fet skinheads wam plenty
622,894253900492136453,UK,joan barb,lived det moved ny love family love dog
623,897149454817603586,UK,mylagarcia,loking fun gay 
624,936638847991115781,UK,scoterstation,social democrat believe separation powers fredom pres social market economy basis democratic society folow back #fbpe
625,940705970451288067,UK,sir_moloi,nan
626,940705970451288067,UK,buz_comander,mileage may vary
627,985335193,UK,dandotpng,curent autistic obsesion dead space \n \n
628,99479393,UK,ntigrayi,nan
630,1520770905106006016,UKraine,xricv,rip jalel
631,385347340,Ukraine,ivegotsunchips,\u #theatachment sam atachment
632,100167614,USA,devi_l,kely bundy’s bigest fan
633,1005811489733857285,USA,saraheden,love bleached hair chem crepshow bots brains ad frank iero hate hate hate tories brexit
634,1005824782829543424,USA,gimea er,experiential drinker bev company owner operator girl dad formerly miny stil miny #noles
635,1007618375516815360,USA,mako,فعال عاشق
636,1009968292621176832,USA,chichicrewshop,location 
637,1013570805840666624,USA,zenat_bariya,aspiring fiction author poet
640,1024508293,USA,dom_bizo,surfing waves reality mostly drowning tho
641,1024604431,USA,ugongsun,nan
642,1027114311842504704,USA,wokenonsense,nan
643,1027636374692917254,USA,ramirezvictore,alumno piloto \nprofesor en educación integral \ncronista estadístico taurino \nnarador comentarista taurino
644,1028444777627484166,USA,_nwahs_,beter humans maried af kind horor movies sunrises sunsets b w photography msu red wings
645,1028600358459899904,USA,r bt,never pretend politicaly intelectual know hate tory scum blinkered lifelong labour voter snp since scotish never british
646,1029940670855827456,USA,lonergk,al lies 
648,1031560902334664704,USA,nocturnallich,monster bed
649,1034262957893595137,USA,kacphl,software eng lots hobies
650,1037154687454142464,USA,slimyungin,silentbutdeadly
651,1037991553011204096,USA,kunstundkosmos,journalistin bildende kunst literatur astronomie wishing american indians stay never forget way thinking precious
652,1039173071318462466,USA,notxpensive bme,take pil twet honestly dont give f anything ac joke pls dont take anything seriously #loveyababes
653,1041598632,USA,isacfloyd,location 
654,10451462,USA,factsonly,nan
655,1047487504104996866,USA,scotha,nan
656,1056595824027721733,USA,yngcats,nan
657,105910684,USA,cursedesprompts,prompt every minutes nsfw prompts exist fanworks inspired prompts likes section check pined details
658,1060573081935249409,USA,news_ntd,nan
660,106883083,USA,black,nan
662,1078176518780596224,USA,kerytr,youoing
663,1080202560022171651,USA,reminpmize,i’m wiling bet never met someone awesome  
664,108033897,USA,jbirdbrain,nan
666,1081765278,USA,x wolfy,car enthusiast suzuki owner\n trans mtf pansexual plz\ntaken
667,1087473213192450049,USA,bottezos,retweting everything #tezos\nbuilt
668,1088507121262620674,USA,timeles,nan
669,108975367,USA,_mimikoko,introverted introvert  
671,1091462350971064322,USA,philfreie,bronze founder london years care remember
673,110256969,USA,thomasdwyane,#bucs
674,1102896475481300992,USA,pabloaltman,bily kaplan wanabe \u like comics cbms
676,1105954613855948808,USA,atwalnfl,bucs film
681,1114712562,USA,katieogrady,rescue pets death row ihave prety farm anybody could help us would much apreciatedwe newbies pics wil postd later
682,1115908324552335361,USA,love_maltesers,location  park jihon s armpits
683,1116524902725582853,USA,eastbayking,ark survival evolved player admin largest pve discord ark highest bost record beat oficial
685,1121081233,USA,thegrandtheory,student seker
687,1127374814,USA,texastrader,nan
688,1128802466688978944,USA,depmpolar,nan
690,1131422382047014912,USA,jmhamiltonblog,publishing fre economic political thought \ninstagram jm_hamilton_blog \nemail hamilton jm com
691,1131960602560274433,USA,compasquil,polin
692,113380026,USA,real_infinity,master masters king infinity games gaming real world news hip hop rap music g tv acount automated
693,1135683696370040832,USA,broklyndon,transplanted europhile new yorker loves travels daughter europe basebal afc wimbledon dons trust founder member
695,1139717077864988672,USA,iehsol,manchega de toda la vida intolerante antitodo
696,1143193731660681216,USA,humblefet,window soul indicating heart home
697,114599599,USA,drjimyandbob,nan
698,114665434,USA,kyokoakihiro,yo braty reply onlyfans squirt fre video
699,1147488047656775680,USA,alforudeanao,protected  false
701,1161142582690213888,USA,wdwstats,tweting actual waiting time keps posted interuptions walt disney world \n\n wdw stats\n\nthis acount alied disney
702,1167932707881541632,USA,lateandkai,— exo nct svt
704,1176908709030760449,USA,saxondk,location 
705,1180313568358461443,USA,misterovoxo,loud mouth chaotic neutral unhealthy obsesion fod
707,119613547,USA,rokiemode,oficial twiter acount rokie mode podcast sports video games everything betwen hosted michael conor
708,120769030,USA,promisesieka,arsenal z bae sta tec nice fod therapy splendoured
709,1209216199,USA,zahrahmusa,mum wife phd env fluid mechanics hydroinformatics data scientist pasionate space sciences nigerian
710,1212573770059091969,USA,mazharvai,playing javascript
711,1213496811454779392,USA,shabirwargama,nd acount old acount shabirwargama tamporarily disabled
712,1214628008,USA,hilaryschwartz,buyer resistance clothing lock
713,1216158144029585411,USA,armormodechang,location 
714,1218180579373481984,USA,eduardolfc,#ynwa #heatculture
716,1219032025769881605,USA,brujaanon,nan
717,1224863882868678656,USA,peter_baranek,stocks crypto fan
718,122810303,USA,xgolightlyx,location 
719,1228764977932177409,USA,marciwarhaft,author god striper socer mom’s memoir lies los lap dances amazon audible resiliency rebel
720,1233929232432205827,USA,k_pendergrast,working environment tech antistatic writing technology ecology labor shapes
722,1240795740,USA,youena,feminista radical heavy metal lover madre de reyes drupalera desde
723,1245069918,USA,hamishblackwo,nan
724,1247427307,USA,frenchiemark,bomer always leftie believe fre education universal healthcare equity felow humans
725,1247553100598173697,USA,twaterthefirst,twaterazi
726,1250259428701548544,USA,hopefulsekr,stock trader lover reason red wine striving live love jesus christ
728,1253659543114002432,USA,oliverpohlman,nan
730,1255152542532562948,USA,ironsoldi r,live bremen germany gulf war tech enginer hp boise id curently living az
732,1272938731305971719,USA,abhilimbani,nan
734,1275123549766856704,USA,jawadkhan,political activities leader #smb #jiyala #p #bilawalbhutozardari #social #media #activist #teammurtazawahab #pakistanzindabad #whatsap
735,1276520088858955777,USA,tundeishola_,know
736,1278053956330180608,USA,kakaodocha,#simple exceptional
737,1282320630797471745,USA,jimthesedays,• • caribean ghoul • gay pirate show made
738,1283174348141088768,USA,kontrola,fashion designer scren printing monogram mesh flex designs manchester united guts fear twet lyrics songs listen fc
739,1283613212647329792,USA,rs_srk,nan
740,1285518231906787328,USA,kevin_depre,kdh snapchat random_mind
741,1288560742917185538,USA,tadeuslara,military donkey july th\n sexual content \n begone minors shota \n pfp \n baner \n\nsfw ac
743,1292829245840990211,USA,lazilyactive,space talk shit get touch w dark side \u
744,1296644845000302592,USA,ericcrampton,chief economist nz initiative \n\nadjunct senior felow department economics \n\nif ship sinks
745,1298051569171050496,USA,april_aroy,youoing
746,1305705838158532608,USA,admford,hacker maker large security analyst healthcare warning extremely curious touch adhd \n\n exchange
748,1307937517711228929,USA,faketylermorgan,host tyler morgan show live twitch demand youtube al podcast aps
749,1310985385875566597,USA,stilton,retired consultant physician bristol pgp f c b f b f b e fb e fa
750,1312401872,USA,crazyfactguy,love’s historygeographysciencepolitics sci hope make people smile give facts
751,1313768552374116354,USA,debiesmar,nan
753,1314726969540444160,USA,itsdonuche,bio unavailable • dm adverts promotions 
754,1315267191114088448,USA,thomasp,retired military marines army mos e constitutional conservative gab
755,1320960119006502912,USA,akash,backup page aubrey cyles
756,1321741511420203008,USA,bromelads,bi brown mestiza diaspora ofmd hanibal header block anyone open act
757,1323363032806772736,USA,milhistbuf,historicaly inclined cruncher seks insight past guide present future #amreading #amwriting #history #boks #music #twiterstorian #art
758,1326337184106950656,USA,scotjengel,nan
759,1331032772429946885,USA,gisouboran_e,nan
760,1345801876692819968,USA,dylanlahman,born misouri love livin life hilcrest high schol
761,1346260764999475203,USA,rsd ife,black man dream
762,1348635828889804804,USA,kate,i’m maried years mum amazing kids folow dreams reach tomorow never promised live today
763,1351200728430350343,USA,lovejonesleon,hopeful
765,1354000680491622400,USA,unshaped_snow,nan
766,1354475410386341889,USA,henceofaltrade,compsci investment management #bitcoin
767,1355326106623213574,USA,riverlevel_,one ’s unique automated river level acounts part systems email info com 
769,1358690008517865473,USA,magiecoper,british expat living belgium mising scotland snif snif love science fictionhoror music boks everything else born april dunde
770,1359891004145426436,USA,cilz,nan
772,1374494849685065734,USA,lorenzoberyi,nan
773,1375138120665067530,USA,treg_buckner,embrace place
774,1376528816408039427,USA,wmichael,father two boys #apraxia #writingcomunity #amwritingfantasy #votebluenomaterwho #amquerying #amwritingfantasy
775,138662605,USA,costiwhin,teaching pastor shepherd’s house az founder prez author boks adults kids
776,1387514747738857472,USA,suetom,stand tigray 
777,13891402,USA,vishalt,software enginer profesion former owner india comunity expired orkut platform fan bundesliga german national fotbal team
778,1393462575539519490,USA,reganthegun,hates gelatinous fods fascists exists spectrum lives boco votes progresive remotely works hemp canabis industries \u fab \u fab \u faba
779,1396604901162168322,USA,ujal,self defense keychains ceo cw serenitydefense yaho\nacepting dm orders tag ur picture ur keychain il post u story tel friend
781,1398768914,USA,_fuqks_given,buter pecan puerto rican
782,1401660389662859271,USA,robyndaily,location 
783,1402652236178624513,USA,migylaflaire,nan
784,1402944160991154185,USA,winterlandbts,fan acount people post retwet like bts member
785,1403885994680754176,USA,justlisa,id 
786,1405577837285871629,USA,catisnotwriting,wanabe writer adopter shy traveling hopefuly
787,1405763703711027202,USA,nightstandreads,nightstand reads dedicated bringing awarenes great boks mases milions great boks go unread want help change
788,1407482015650361344,USA,enaaliena,nan
789,1408421143011381257,USA,jpt,hapy thanksgiving colosians
791,1411102225326247936,USA,alirazatwets,icivil engineri icricket freaki iproducer i\nofshore acount
792,1412454491287347200,USA,ukhanyisile,protected  false
793,1413221208603168773,USA,obwyn,nan
794,1414284724961435652,USA,id_lokergo,info loker
796,1416853664661127170,USA,oneguy,nan
797,1417320922109947915,USA,detoxdayspa,certified dried live blod analyst ful body detox modalities specialist highly rated virtual detox nutrition coach dna swab mthfr
798,14178062,USA,remi_rogers,quer feminist nerd pasion birds rvt pedro pascal liked one twets one time sun wil rise even one time wil
799,1418606902573940750,USA,lorenzotx,nan
800,141870431,USA,lepunzel,wanabe actres much time hands also tired corecting people #darkuniverse thing
801,1419073723840311302,USA,abebeseyoum,nan
802,1419073723840311302,USA,llaregubhal,angler colector\nflâneur nighthawk \n slr \nrnli suporter \nnihil sine lumine
803,1421894945561055235,USA,nc_shea,\u gen jones autistic former therapist nany lyme mast cel disease dysautonomia disabled ca girl pnw
805,1430555600098926592,USA,henrysomo,patriot parents gr sons \npro pro life congrats djt th pres thing necesary the\xa triumph\xa of\xa evil\xa god men nothing e burke
806,1430794507461742592,USA,erinustv,spagheti brained creator team charity video game stuf twets mine \u \u ben vivi erinusshotlock com
807,1431511671181303809,USA,tonymoreta,ceo independent organisation represents promotes jersey’s digital industries analogue views
808,1431987990704889858,USA,nahar,nft degen
809,1433156690581626887,USA,eugeniew,#animallover
810,14338338,USA,sonyamarie,brighten day
811,14342200,USA,adalin,bloke
812,1436825916722880516,USA,marcelorde,nan
813,1437103205909995527,USA,eilonwy,owner trained podle guide
814,1442783542212059142,USA,tonyd,evangelical conservative trump suporter
815,1443478031989977089,USA,ghol abas,دندانپزشک ، فوتبالیست \nپذیرای هر گونه نظر ،عقیده ، مرام و مسلک \nطرفدار آزادی بیان \nضد دیکتاتوری از هر نوع
818,1452758113,USA,tkirby,sky ful stars live dream dream live
819,1461914065383698433,USA,natha_nkv,army #kokv#vkok#ot
820,1467553255043522563,USA,jackiem,nan
822,1470518100,USA,ao_murakumo,nan
823,1470964371094339584,USA,xembearx,damn got enough legs make em \u
824,1481051503632822272,USA,bucwild,father husband everything else #bucs #bucnation #itsalabouttheu #letsgoheat
825,1481485713749286912,USA,mizer,tigraweyti
826,1483598467670888456,USA,artistcarolina,nft pop artist \u \u conecting universe learning qi gong \u faf \u faf \u \u thankyou thankyou thankyou
827,1484554556910493696,USA,punyvikinglas,suports hul help refuges god law projectdeath penalty action suports jermey corbyn plus plays ukulele band
828,1484708410574589954,USA,syedafaizanor,pharmaceutical
830,1486931010,USA,lili,nan
832,149220881,USA,tarajoh,nan
833,149283816,USA,fpl_tamizhan,motivator best fpl mufc madraskaran deutschland alter ego #sankommotivation
834,1495521577047367680,USA,mdmosta,new menu alert \nlobster blt firecracker shrimp rols \n seafod platers every mon tue \nclick link view menu
835,1496493167390113794,USA,alemez,injustice anywhere threat justice everywhere mlk jr #justicefortigray #tigraygenocide #istandwithtigrayትግራወይቲ
836,1498315853481267204,USA,agresive_my,light fairy sory sory \n stelatrix stan \n quer cringe \nclean kiten btw
837,15038486,USA,xp_firewing,nan
838,1510398232274386950,USA,brayoakosh,أضمن طريقة لتدمير الرجل الذي لا يعرف إدارة ما 
839,1511379655202385923,USA,jesicalor,nan
840,1512914695484854273,USA,zazabelou,nan
841,151465988,USA,coyote,location 
842,1514751653089624065,USA,tigraym,ኣደይን ዓደይን ፅባሕ ዝበርቅ ብስራት ኣሎ ፅንዓት ንዘይተርፍ ዓወት #tigraygenocide #eritreaoutoftigray #stopwarontigray #tigrayfamine \n\n#fre_the_tigray_of_peoples
843,151500509,USA,lesliestar,nan
844,15150549,USA,natsnettigrey,#tigraygenocide
845,1515666962025693186,USA,smy,nan
846,1516103939300732936,USA,federchristian,nan
847,1516598394449543170,USA,atlienmj,nan
848,1518980128889610241,USA,wofiesc,\u fae ‹ ๑˃̵ᴗ˂̵
849,1519208355822141443,USA,magne_flo,safety monitors leak detectors shut systems gas water carbon monoxide homes rental properties mobile homes caravans boats etc
850,1521942318068215809,USA,thiteadvait,worst crime faking
851,1522236198013616131,USA,thari_jiyalap,#socialworker #democratic
852,1523299191082131457,USA,michaelcaden,#ucla alumni x heartland #emy award winer director actor writer producer
853,15260722,USA,mramphalo,stadtplatz \n egenfelden\n ale gerichte zum abholen und genießen \npiza pasta fisch fleisch salate drinks cofe
857,15355274,USA,asierocuk,photographer
859,1539592740341747712,USA,stevegoducks,duck fan contractor god girls mariota
860,154188269,USA,naz_,حضرت وما في الجيب غير دراهم الي بلد لم تغن ف
861,1542844749131829249,USA,dogehodler,nan
862,1543356473966731266,USA,natalie,hope wel exam 
863,1543697343580610562,USA,kristin,youoing
864,1544386752,USA,uh marz,i’m bad btch can’t kil
866,1545255271663996928,USA,sastry_s,nan
867,1546424308121145344,USA,_bytorch,iner world reign teror ig bytorch #libradiva
870,1551465440,USA,lockhart,nan
871,1551682577643307009,USA,francis,nan
872,1553980367991754752,USA,afrenk,bulish lens
873,1556579346525179904,USA,tesaumhlanga,hard working july pasionate sans uniting working together god al uthe uplifting disposesed youth  
874,1556579346525179904,USA,ab,nan
876,1559994791651430400,USA,hapygirlinla,black lives mater mjackson fan life biden haris democrat diversity inclusion mj fans suport trump racist gop please unfolow block
877,1564691477862785024,USA,lukmanhorpe,\n unapologeticaly batified buhariden medic biz tech twiter fotbal politics
879,1567651993262620673,USA,nomoemoney,idk
880,1571535756,USA,godslongbones,writer novel based misisipi lynching
881,1571708607879684097,USA,justiceforal,organic farmer singer songwriter mental health advocate
883,1574061542148132872,USA,okcanactionnet,nan
884,1574079843821649927,USA,furygolden,roleplay acount\nminors rl dni\nbeastars fan canon character\nevent none\nbirthdate december \npfp made s_cloud instagram
885,1575290366709964801,USA,cspotifydata,source spotify updates x latin gramy award winer camila cabelo
886,1577766661586882580,USA,amidkasis,\n v \n v \n
887,1578196533971148801,USA,abary,nan
888,1578600175161180162,USA,kiningkin,karambit knife wielding violin loving busy destroying traumatized midle child kin • • fan acount
889,1579568959573135377,USA,drkarlfranzmay,doktor und vater freiheitsliebend realitätsnah gegen jeden aler art satire
890,1580545366373580802,USA,geof_litwin,year old living seatle lived az years back seatle love al seatle sports asu love snowboard zagat gogle contributor
891,1580638498868322305,USA,misericordiamb,mhc proud flagship programs unique manitoba eye care centre excelence provincial health contact centre slep disorder centre
892,1582457482718257153,USA,falonholic_,irish eyes smiling steal heart jimy falon stole mine \nbig fan thirsty confused fanacount
893,1583116574948466688,USA,jxbt,nan
894,1583120985829642246,USA,lcrane_leslie,ski\n tg
895,1583288825589256195,USA,_bnicole,nan
896,1583471696258166784,USA,eriewed,erie weding event services knows life ful milestones moments write unique story whatever milestone you’re celebrating we’re
897,1583471941406498817,USA,cheryls,nan
898,1583544330299604997,USA,emilijaemarsic,̌
899,1583595330712621057,USA,bekirtan,fotoğrafçı havacılık sevdalısı
900,1583809873313046528,USA,beingcourtney_,nan
901,1585903348540219392,USA,jenrubyitgirl,world it´s us
902,1586017487077998592,USA,metaquest,nan
903,1586054799954518017,USA,casper,student recovering politico
904,1586054974085206020,USA,angelne,youoing
905,1586084792986210305,USA,death,nan
906,1586225935350566917,USA,heather,regret mistakes 
907,1586554752325877761,USA,suleima,nan
908,1587094661843550209,USA,saedachana,social activist ordinary pakistani
911,1587518950178291712,USA,adj_ z_gr,develop friendly relations based respect people take apropriate measures strengthen global peace
913,1587956661054050305,USA,leahrichbrok,ran away find found said godbye
915,1588609358438359041,USA,ani,asian news international multi media news agency content information platforms tv internet broadband newspapers mobiles
916,1588935002879709189,USA,itsbenagesry,flying home
918,1589370708446089216,USA,sdt dona,lover music criters clean sustainable environment god honest people
919,1590140964420849666,USA,alarwsk,نه به مجاهد، عرزشی، ج ا زنده باد ایران و پرچم شیر و خورشید عتصابات_سراسری وماج_صالحی صدای او باشیم که همیشه صدای ما بود، حمایتش کنیم
921,15927181,USA,peteythough,nan
922,1593342974196342787,USA,kihira_keiji,nan
923,1593781778505932800,USA,bushgodes,advocating fair australia conversations designing sharing leading example
924,1593789146367131649,USA,htx_diego,nan
925,1595134112418787328,USA,fenzc,nan
927,1595134308121034767,USA,manakamuzan,average madrid enthusiast
928,1595134312269352961,USA,aimi_thebrand,bn engrave jewelry customized jewelry closed waterprof sweatprof tarnish fre hypoalergenic everyday luxury piece
929,1595134599100866561,USA,_vluna,vibez
930,1595134754168487936,USA,downtownloufan,gen x spinster aunt town chasing gown loves science twiter local socer curently learning mandarin idaho louisvile restles
931,1595789386888744962,USA,snail_ghoul,stresed™ head gardener earth ghoul mountain please admin
932,1596843666705874955,USA,juicyj,rip pops
933,15971503,USA,kathlenwodw,yelow dog democrat love fashion politics animals milions random things
934,1613712481,USA,justinbroadcast,folow news alert global news world neds today
935,161523735,USA,debmax,nan
937,16224305,USA,rustypipedream,nan
940,16521206,USA,janbam,living evangelical catholic conservative prolife prayer warior nfp natural health promoter maried mom x writer apologetics jesus trust
941,16545084,USA,mklavers,public_metrics   folowers_count 
942,1673844451,USA,bath_somerukip,nan
943,16871799,USA,mehbobhasan,lifelong learner optimist \nrts≠endorsements
944,17097090,USA,lorainhernandz,lorena hernández journalist voices media crosroads photographer bloging podcasting
945,17194257,USA,hinmikaiyetobi,repairer fixer \n\n fel great puting smile faces \nwe al showing \n\nagricultural economist \n\nyoutuber tobi kaiye
946,173123888,USA,slavetothehat,cartographer rpg game designer creator headspace alcoholic recovery gad adhd canadian him 
947,18178388,USA,tftwsuau vkgf,nan
948,18247597,USA,mjazuli,#muslim #nigerian
949,182929371,USA,cameronphili,mentioned ig xs met way back wax figure fling #kim cole w signed oficial twiter
951,18445181,USA,greginbaltimore,curency trader eliot wave practioner observer market deflationist husband father
952,185289508,USA,nerodenc,covid safety dms open want covid safety activism #cleanair #p #hepa #cadr\n\nmastodon
953,185377172,USA,cary,nan
954,18634644,USA,lesanticlaus,• twitch afliate • sportsbal • ceo president founder lesanti enterprises • hive member
955,186582233,USA,ed,must godpatriot nrafarm horses cabin lake\nchevy trucks johnderes back blue anything country outdors
956,18957880,USA,mia b,love animals al especialy cats vegeterian porn_block porn god time everyone mio nuovo acount
957,191044973,USA,mikesdiner,nfts arf mayc mixing mastering enginer wodrom producer cinematic composer film tv broadcast master acm chief dude gmarf arfcade
958,191662582,USA,doingitdodson,words hire wil travel formerly
959,1930081772,USA,gosebo_oracle,bpm maters
960,1942775803,USA,duels,love god boksfodharleyscigarsand #ftb love reading recomending god boks twet alot recomendations
963,200092299,USA,sardar,\u f\u fاینجابجزدوری تو،چیزی به من نزدیک نیست
964,20075759,USA,mrsekefe,nan
965,20333606,USA,nostalgianerd,age #actualyautistic pro fury mario sonic fan pro choice #blacklivesmater mcu gek sjw lgbtq aly #istandwithukraine
966,20597234,USA,soliloquics,cupid knavish lad
967,20646382,USA,gertiemarie,nan
968,20681628,USA,ny,trafic transit updates al new york state provided new york state visit website feds
969,20791002,USA,ksrehmani,nan
970,211608076,USA,factofgaysxl,warning adult content co product world femous toy seler hrs
971,21233136,USA,meperse,love hazbin hotelheluva bosand many stuf icon
972,2148064812,USA,pailon,jujaism \njust kiding \nman god great environmentalist
973,216089656,USA,h energy_,location 
974,21795443,USA,jiminseutopia,verified  false
975,21941227,USA,shahabp,p jyala
976,2196775588,USA,mira_dew,human anything else \n igbo tribe onye dot \n\n\n \n believer gospel christ 
977,21992362,USA,meda_,jesus bread uiux designer #ocupyinec #stopfraudulentactivitiesinec #stopunderagevotinginec #ineciscorupt
979,2234901265,USA,mikel_clifton,\n\n
980,223615407,USA,demopan,stout shako refined
982,22560367,USA,dulesolivia,yangogouei
983,2260675556,USA,dealrael,anti medical apartheid experimental medical mandates \n\nretwets necesarily endorsement \n\n\nno dms 
985,227931282,USA,sabinai,k k lw q
987,22960629,USA,josephm,crypto pasion
988,2305332182,USA,glitchy_b,chudish disposition filed terible purpose overconfident yet completely inept pulp cold war artist \ngang oak leaf
989,23117492,USA,conradkulo,student ideas interested ethics governance\nsocial justice liberation politics exemplary member opus dei
990,231206271,USA,lafiledsonpere,#blm \u kind words racist hateful magas biden haris vote blue twets opinions gop enemies
991,2316356275,USA,supremekongnft,become member ecosystem must purchase jungle labz token owner
994,23518071,USA,sailorstxay,location 
995,2364766740,USA,jadece,god friends god boks slepy conscience ideal life mark twain
996,24190155,USA,hri,thoughts brandt gamble
998,245203793,USA,katieen,hope wel exam
999,2493572165,USA,keithsmiami,nan
1002,2546596742,USA,harshad_adv,graduate economics law mumbai university
1003,2551330513,USA,bird_up_daily,atempting post various bird photo video every day\n\ndm submisions
1006,26144406,USA,herodote,id 
1007,2632441534,USA,src,nan
1008,26514883,USA,lpearlxo_,nyc  
1009,266099337,USA,badshah,locking beter pakistan
1010,268739173,USA,tomharding,nan
1011,2710379976,USA,jenife,hope wel exam
1012,27164880,USA,tonyfro,nan
1013,2720131461,USA,avechera,every hour wounds last one kils
1014,2724754114,USA,jab,don’t play ods play man
1017,27620289,USA,mthokozisi_,new acount \u \n\n sundowns\n media marketing graduate\naspiring journalist
1018,2769337557,USA,mizer,tigraweyti 
1019,277997449,USA,eganfateh,وطن آزادی
1020,2790948405,USA,rogasylumlp,alternate acount mainly focused sfw pony art
1022,2808650785,USA,hamzarajp,\n \n لڈی_سویلین 
1023,28100249,USA,jabwe_,name 
1024,282312233,USA,benenz,nan
1027,2852387624,USA,justkaihah,location 
1029,286045555,USA,ifabroker,friendly ifa al solutions ofered auto enrolment isues sorted become financialy independent financialy secure long term fund raiser
1030,2902144136,USA,masterful_tart,tart loking wonderful artist suport \nsome say wholesome agre
1031,2905863387,USA,mthomas,perpetual kid
1032,2929465251,USA,doembon,conservative female hapily maried retired military pilot folow back america first prolife nd termlimits comply
1033,294371597,USA,johnsmi,diehard #redskins fan\n#htr #htc #orioles fan #birdland \n#alcaps fan \ndoctor whostargate sg fansci fi generalformerly
1034,296367776,USA,magadude,think
1035,297969419,USA,welduytbarek,ቲ ጉዳይ ፖለቲካዊ ጌሩ ዝወስዶ ትግራዋይ የዋህ ጥራሕ ዩ። ቅድሚ ሕጂ ካብ ዝነበረ ዘስካሕክሕ ግፍዕታት ዝገደን ኣብ ታሪኽ ትግራይን ትግራዋይን ካብ ምድሪ ገፅ ንምጥፋእ ከምታሪኽ ከይንዝንቶ ዝዓለመ ውዲት ዩ። ደቒቕውን ክንማናጎ የብልናን ዳይ
1036,2984410546,USA,samz_ _,\nultra maga
1038,300021496,USA,kamijutsmt,\n إِنَّكَ عَفُوٌّ تُحِبُّ الْعَفْوَ فَاعْفُ عَنّا
1041,3044186809,USA,christi,chocolate wine gardening aficionado
1042,304575140,USA,_gau_zai_,nan
1043,304948011,USA,tuka,bad
1044,305818642,USA,boyles_david,yr veteran vol fire co ems emt firefighter medical ed university maryland colege park institute gov clases emergency response terorism awarenes
1045,30590930,USA,imaximaximax,disneyplus netflix ok
1047,30662589,USA,grapelive,wine profesional wine bloger socer fan former motorsport historian fodie monterey bay bloging wine travel
1048,3092855416,USA,saqibshk,system admin
1051,313938146,USA,blm_es,bureau land management eastern states manages states east bordering misisipi river guardians past stewards future
1052,315436946,USA,juliethewok,never take family friends health granted \nal views expresed
1053,3155766909,USA,creon_today,nan
1054,31579226,USA,moscowdandelion,lena kay teacher poet nature lover \n\n#haiku #poetry #writingcomunity \n\n dms
1056,322874617,USA,johnplu,lifetime avoiding limelight 
1057,324154838,USA,howardgrifiths,broadcaster tv radio events writer goeshoriblywrong #concorde #ny enq jeny com
1059,3272146002,USA,comonsenseohk,independent
1060,3288349349,USA,dick dickthrone,literaly god reason uwu\nthis horny alt wasnt obvious
1062,334920737,USA,psidestep,kpsi scsu alum marching \nrest power dad
1063,33622656,USA,texas_jep_guy,conservative living texas #trump dm #backtheblue pro life ifbap
1067,3392221066,USA,js_york,nan
1068,3408268205,USA,toposocietynft,nft topographic society #nftartist map maker uk gme #gamestop #lopring #layer #moaps
1069,342515741,USA,miscourtney,wrestling pr girl longbox crusade fighting ckd fight fsgs c c conection podcast
1070,3434359527,USA,earthtotz,bublegum punk electro nihilista
1071,345482191,USA,nickylaurienzo,private domicile wil harased bitch
1072,34817173,USA,jungjohanb,nan
1073,348312090,USA,aoglaser,hospitalist asociate profesor preop clinic medical director asistant pd vp blog editor
1074,355898383,USA,mikehun,enjoy everyday like it’s last treat others respect deserve family god country
1075,35692915,USA,mutumaonkanata,farmer kusto charismatic liberal mind believes respect authority equals pan african
1076,357232722,USA,coinmonsterjay,check rarible opensea \n
1077,357668552,USA,donadumaine,hapily maried walk away anyone takes away joy life short put people waste time dms please wil respond
1079,3632161,USA,bobiejohn,goat tender kids kids  
1080,36411664,USA,indiawins_p,proud hindu proud indian jai hind jai shre ram jai hanuman #akhandbharat #bhagwa jivi
1081,3642171447,USA,dorawal,q qa
1082,36856173,USA,az_zebbz,#avfc\n
1083,369957860,USA,mtnordic,nordic walking personal training sports masage myofacial release hot stones nutrition beamfit
1084,377776924,USA,holuwarthoby,nan
1085,3858390852,USA,meoreubag,nan
1086,386688159,USA,bdoyle,nan
1087,4008948664,USA,thepoliticalhat,politics news drolarity tip hat
1088,4009266073,USA,maronswifts,\u faf
1089,41161995,USA,fhd,الرياضه كل شي
1090,414540699,USA,egorgorsamuel,teacher entrepreneur broadcaster journalist sport journalist
1091,419983075,USA,deriontreshay,ig deriontreshay
1092,420554142,USA,sharonc,nan
1093,422850113,USA,upholsteryhowto,reupholstery tips advice
1094,42777973,USA,justrayo_,gemini tendencies california
1095,4282369753,USA,hadi,nan
1096,431020598,USA,hapy _,twitch afiliate user twiter big strong manly man yes name ironic stop asking social links priv
1097,4327577173,USA,leslies,youoing
1099,43887789,USA,lazarevk,k loking friends
1100,44103022,USA,sal,marine veteran
1101,443972506,USA,pansari_pranjay,idgf ig
1102,448285977,USA,avava,nan
1105,455118561,USA,altruist,know ur rights legacy politics family politics shed entitlement mentality stand imran khan folow back اک دوسرے کو فالو کرے 
1107,455137159,USA,abiba_k,nan
1108,45596436,USA,drswager,nan
1109,4592569959,USA,buxlejimin,ptd la dec ptd lv april hobipaloza july
1110,461360732,USA,flipr_jelousglo,nan
1111,4615395863,USA,benman,ceo bokugan elon musk hate acount
1113,4668238213,USA,judydaniel,telegram zhangfei
1114,47017587,USA,sachetsofrelish,tories я evil  finished that l songs including smash hit
1115,47133990,USA,kos_ali_kos_,koş ali koş \nkalk gidelim defteri metin üstündağ\n\nben ezelden beridir hür yaşadım hür yaşarım
1116,47207737,USA,brokswuzhere,#gamblingtwiter
1117,4736018418,USA,jmnidol,nan
1118,4778411172,USA,venezia_esther,nan
1120,48033200,USA,rasisneu,nan
1121,4846851059,USA,swen_,protected  false
1122,488282592,USA,snazysonic,• se get guy loves sonic hedgehog blue blur basicaly life • pfp
1123,48900053,USA,blazingvoidrelm,verified  false
1124,496121422,USA,deadlabrat,ky music ‡ art ‡ science
1125,49708595,USA,alhajiji,live let live #teamsimple #teamhelp #projectmanager #n j #v #teamislam #registeredbuilder #grenbuilding #reader #leader #talibulilm #farmer #african
1126,497200393,USA,daskol,deplorable domestic extremist dad #holdtheline
1127,50427352,USA,craiginthe,vols canes alum ast editor author bq nut like lift heavy things
1129,50706690,USA,unsnuk,independent global news exclusively twiter contributions multi faiths non faiths
1130,50706690,USA,mirongawesley,agricultural extension oficer teacher
1131,50706690,USA,_pretydamnrude,outa sight outa mind
1132,50784667,USA,ri hiyt,nurse totenham hotspurs folower
1133,50878547,USA,girlscented,human girl penchant blush
1134,518860835,USA,myfurymuray,yr old sheltie dogie entrepreneur video creator dog life style influencer zombie squad lieutenant living god texas w lil sister sophie
1135,519146954,USA,dilite,#va #beachgirl #ncat alumna #jsums landarch urbanandregplan #blerd #animelover animeego yoruichi natural woman energyhealer ig dilite facility designer
1136,52272942,USA,jusup,funy furnace
1137,526101087,USA,santamonica,aliances built trust remained throughout history \n \n
1138,528167757,USA,thowicharkgmai,nba dancer spurshypesquad \nstmu
1139,53119816,USA,beyondlove,wherever stand stand israel forever lord placed name jerusalem send forth word plumb line #grokinggod
1140,536804517,USA,uvu vecphitqe,nan
1141,54271167,USA,ladybuggren,environmental protections humanitarian protect wildlife animals oceans #wtpblue #rabithole team resistacrats
1142,55093719,USA,pitchdawg_,talk fotbal lot rely heung min son make hapy tendancy fat sure
1143,55634755,USA,t_eleaseygreasy,bsu alumna •
1144,560459880,USA,seoji,nan
1145,57181974,USA,kiarash,nan
1146,575954382,USA,kulharamajhe,nan
1147,58541926,USA,gabrielechan,guardian australia rural regional editor rusted penguin give f ck farming aug
1149,596016620,USA,travelerrn,nan
1150,60049728,USA,johndmeyer,nan
1151,601373074,USA,mohamedst,nz
1152,604053363,USA,lisatmsa,trainer consultant public speaker trauma suicide self harm mh welbeing remembering comon humanity creating change view website link
1153,604586168,USA,quickbear,paradise wish lawnmower
1155,612397643,USA,ruhlworth,nan
1156,613463487,USA,milky_way,location 
1157,614817844,USA,noeskaya,nan
1158,62691445,USA,bad_since_,‘i wel’ contents creature bants cruise blues k ways
1159,64413577,USA,tracyke,last day found girloving
1161,67343155,USA,dalmainea,grad student make dog proud vwu alumna wm ‘ ig
1162,67467684,USA,jarceg,nan
1163,67626292,USA,alireza,nan
1164,696845336082427904,USA,lexaj,nan
1165,702319204679024642,USA,davidgr,co operator co operation co operative values principles democracy instead plutocracy equality solidarity trade unions truth facts
1166,702324010118463489,USA,hugoreasoning,evolutionary cognitive psychologist author born yesterday enigma reason
1168,708857250404765698,USA,fuckjac,location 
1169,709120568881192961,USA,mohiudinw,nan
1170,711162535,USA,whatisablizard,name blizard love arcanines\nautistic\nhe him\narcasexual\n years old \n age bio \npfp baner
1171,714417446715654144,USA,cabinsite,filthy dream stan fan ac dtqk twt minor
1173,715645409759207424,USA,rcutepsychopath,public_metrics   folowers_count 
1175,720365641216098307,USA,davekatsune,nya favorite catgirl dave bot
1176,722190814286372864,USA,fam us_rpk,\u day trader ig ceorpk
1178,727660305023680512,USA,lenkasobotkova,nan
1180,739502431189405697,USA,ryanjohncke,pediatrician wel behaved mild manered anarchist every child comes mesage god abandoned mankind #blm #theresistance #nevertrump
1181,74174369,USA,potlerohit,avave degen lfg
1182,745681800400297987,USA,a_mysticalone,manga anime comics martial arts\nscience\n\ngo beyond
1183,745732018013614080,USA,samrireports,nan
1185,750380394256539649,USA,primusgendered,grey part time migraine ful time comie vestibular migraine pd treatment advocate priv
1186,75730979,USA,sherilk,mimi gma mother daughter english teacher journalist life long learner news politics junkie history buf armchair psychologist wolfpack fan go pack
1187,759994712384217088,USA,kimberl,youoing
1188,760477413176250368,USA,aljojothoughts,bring em baltimore ford explorer it’s gona cost gota get em florida
1189,767558981208334336,USA,leiamariamcin,trying best selfone
1190,771198799670751232,USA,anasilvani,nan
1191,775115559696408576,USA,justwinbaby,love comic boks raider nation
1193,779464550,USA,adamsog,long last bury stretford end
1194,786436129406930944,USA,gregosb,left handed golfer
1195,78939096,USA,anahar,hope wel exam
1196,79053827,USA,outkick,nan
1197,799435974921089024,USA,justkvb,christian liberal resister vaxed relaxed wearing slacks #blm #antiracist #lgbtqaly
1198,801971390395973632,USA,ekshaharikiawaz,law graduate sm law colege karachi\r years experience shiping customer service manager also worked uae visited singapore usa
1199,805306498968670208,USA,snop_,learning al l’s shid naruto kept going sc uknowsnop
1200,809909413,USA,nuancedthought,bok mormonist biblical themist helaman alma pioner stock th generation rancher thou
1201,815461910795657216,USA,davidlrusel,nan
1202,817013658962325504,USA,catbird,mcmxcvi 
1203,822926139693953024,USA,santanbef,uto coybig
1204,824488792916578304,USA,harietbgarner,love purposeful pasionately pursuing dreams contribute loving suportive world concerned beings maried yrs blm gratitude
1205,826142894805381120,USA,soheil,nan
1206,82684359,USA,dotdash,nan
1208,833150701211623424,USA,e g,location 
1209,834928611744440321,USA,swetashchef,love baking watching hockey go bolts
1210,836066127419604992,USA,ckold_hearted,ima rockstar \u • • • • \u \u
1211,838006664,USA,jenlempert,universalisme droits humains féminisme gauche \ncompte mastodon lenlempert fr
1212,841657421919617024,USA,gleyforte,nan
1213,845484648,USA,khmakerd,#detroitsports fan animation lover math nerd love great indors video games #onepride #pistons #lgrw #detroitrots #gogren #blm
1214,846832581790371840,USA,sdk_resists,id 
1215,847869575677050881,USA,tofunmi_vet,public_metrics   folowers_count 
1216,850087650857844736,USA,maria,nan
1218,855464453059612674,USA,ieocuiture,apolo shady tea updates
1220,857023663,USA,inovativehindu,consultant वसुधैव कुटुम्बकम अहं ब्रह्मास्मि त्त्वमसि seker sanatana dharma proud hindu hindu nationalist absolute fos foe facts
1221,857370869609504768,USA,buiescrekhumps,#rdh unpaid minister culture campbel university camels al camel nation
1222,865672527569354753,USA,abduldanja,oficer faculty science nat open uni nig abuja director youths mobilization katsina state apc presidential campaign council
1224,869417417327480832,USA,albertaborn,father albertan conservative \n\ni believe fredom liberty autonomy \n\ni suport piere pm \n\ncalgary flames scuderia ferari
1225,874538053188059137,USA,k hypocrite,• • •
1227,87584526,USA,ckia,nan
1230,879711683962437636,USA,shawty_nelo_le,instagram gemini june
1231,881708118903726080,USA,njbbari,mbs bsc hons infectious diseases zero covid australia njbbari social
1235,890290830082277379,USA,kokie,protected  false
1236,892779626640150530,USA,forlancashire,aim promote preserve true identity county #lancashire founding member #lancashireday #reallancashire
1237,897875708869050368,USA,picardsa,retired sasy ireverent aparently enemy state #backtheblue \u \u save wild horses #maga
1239,900407226011049984,USA,nzeogaziri,lovebearer realist igbo entrepreneur creator writer goner god listener loves pick smiles retwets endorsements
1240,900681875718647808,USA,chu_so_,neurodivergent nb aroace spectrum lesbian
1241,900758321216585729,USA,bardwel_bruce,christian conservative patriot loves country
1242,904180764920741888,USA,mdjahid,nan
1243,905452098107486208,USA,barymarlow,#tenantshubcic housing tutor mentor trainer consultant critical friend film maker speaker positive disrupter
1244,907139600,USA,camperlifeco,find everything ned know going wild best camper life adventure  
1245,909189696814813184,USA,davidabramsons,nan
1247,91650974,USA,graham,nan
1248,917523055601168384,USA,sheaydon,al ned love dog
1250,918649453808095233,USA,thoko,nan
1251,929018626526662657,USA,nachteulemagy,nix perfekt aber darin fast perfekt luftbalons transportieren manchmal briefe hat mich mal ganz schön um gehauen
1253,945380469188759552,USA,sashaa,nan
1254,948972248437870593,USA,wokismisacult,nan
1255,949863390263984128,USA,gordonprece,retired art director winipeg fre pres former snd regional director board member
1256,954411477145980929,USA,trashyhanjo,justice must prevail  
1260,970057029145583616,USA,theoriginaldrz,longtime consultant motor trade quant jaz basebal ocupational hazards though transit politics stil plays
1261,972645219995922433,USA,whitesqualq,love makes world go round fredom slavery love al brothers sisters meant
1263,975378093970993152,USA,nuancientsecret,revealing new ancient secrets defining undefined discovering holy symbols unsen self experience original research taught us europe
1264,977619834,USA,wiliesband,rock \n\nstreaming
1265,988846608614920192,USA,michimotomichi,nan
1266,98907814,USA,aiyangjcqw,neds television much drama facebok
1267,9973392,USA,skul_beneath,location 
1268,166385684,Venezuela,si_bucaners,covering tampa bay bucaners nfl draft host bucs banter podcast
1269,1568244916224159744,Vietnam,sagarkumardube,proud hindu jay shre ram
1270,198831061,Zimbabwe,jbusch,wife mom best nana teacher lover basebal ndsu basebal mom forever learning sumer yet
